tzWord,esWord,url,status
Xe'paamaaj,Abdomen,https://v2.dictionary.tzutujil.org/words/67bca0d8a53da53fac256153,Created
Saqakaab',Abejón de miel,https://v2.dictionary.tzutujil.org/words/667250b65a8ee2d55bcbbf9e,Merged
Kaab',Abejón que pica,https://v2.dictionary.tzutujil.org/words/667256e25a8ee2d55bcbc506,Merged
Muqul rati't,Abogado,https://v2.dictionary.tzutujil.org/words/67bca0d8a53da53fac256154,Created
B'otol si'k,Abreviatura,https://v2.dictionary.tzutujil.org/words/67bca0d8a53da53fac256155,Created
Q'axal Tziij,Absolutivo,https://v2.dictionary.tzutujil.org/words/67bca0d8a53da53fac256156,Created
Ati't Kupatz'ijb',Abuela,https://v2.dictionary.tzutujil.org/words/67bca0d8a53da53fac256157,Created
Ati't mama'/K'ulu'b'aneel,Abuelo,https://v2.dictionary.tzutujil.org/words/67bca0d8a53da53fac256158,Created
K'iyareem,Abundancia,https://v2.dictionary.tzutujil.org/words/67bca0d8a53da53fac256159,Created
K'iyaal,abundante,https://v2.dictionary.tzutujil.org/words/67bca0d9a53da53fac25615a,Created
K'iyaal,Abundar,https://v2.dictionary.tzutujil.org/words/67bca0d9a53da53fac25615a,Merged
Rub'ajnikiil ruuwach uleew,Accidentes geográficos,https://v2.dictionary.tzutujil.org/words/67bca0d9a53da53fac25615b,Created
Xo'xaya',Aceite,https://v2.dictionary.tzutujil.org/words/67b8a8aa2f1b785c39fb0305,Merged
Lik'iichaaj,Acelga,https://v2.dictionary.tzutujil.org/words/67bca0d9a53da53fac25615c,Created
K'exotz'ijb',Acento ortográfico,https://v2.dictionary.tzutujil.org/words/67bca0d9a53da53fac25615d,Created
Mak'exotz'ijb',Acento prosódico,https://v2.dictionary.tzutujil.org/words/67bca0d9a53da53fac25615e,Created
Jisaxaq,Acicalada,https://v2.dictionary.tzutujil.org/words/67bca0d9a53da53fac25615f,Created
K'ay,Ácidos,https://v2.dictionary.tzutujil.org/words/66724f9b5a8ee2d55bcbbec0,Merged
K'asatziij,Activa,https://v2.dictionary.tzutujil.org/words/67bca0d9a53da53fac256160,Created
samajiineem,Actividad,https://v2.dictionary.tzutujil.org/words/67bca0d9a53da53fac256161,Created
Ajpaya'ii',Acuáticos,https://v2.dictionary.tzutujil.org/words/67bca0d9a53da53fac256162,Created
Rutz'aaqaat,Aditivo,https://v2.dictionary.tzutujil.org/words/67bca0d9a53da53fac256163,Created
jalwach,Adjetivo,https://v2.dictionary.tzutujil.org/words/67bca0d9a53da53fac256164,Created
Jalwach Ixiniil,Adjetivo Atributivo,https://v2.dictionary.tzutujil.org/words/67bca0d9a53da53fac256165,Created
Jalwach B'ixiniil,Adjetivo Predicativo,https://v2.dictionary.tzutujil.org/words/67bca0d9a53da53fac256166,Created
Ajilab'al Jalwach,Adjetivos Cardinales,https://v2.dictionary.tzutujil.org/words/67bca0d9a53da53fac256167,Created
Cholajilib'al Jalwach,Adjetivos Ordinales,https://v2.dictionary.tzutujil.org/words/67bca0d9a53da53fac256168,Created
Ixiniil Jalwach,Adjetivos Posesivos,https://v2.dictionary.tzutujil.org/words/67bca0d9a53da53fac256169,Created
Tz'atol samaaj,Administrador,https://v2.dictionary.tzutujil.org/words/67bca0d9a53da53fac25616a,Created
K'ask'o'eel,Admirativa,https://v2.dictionary.tzutujil.org/words/67bca0daa53da53fac25616b,Created
Xaan,Adobe,https://v2.dictionary.tzutujil.org/words/67bca0daa53da53fac25616c,Created
Jalb'anooj,Adverbio,https://v2.dictionary.tzutujil.org/words/67bca0daa53da53fac25616d,Created
Jalb'a'ajilab'al,Adverbio de Cantidad,https://v2.dictionary.tzutujil.org/words/67bca0daa53da53fac25616e,Created
Jalk'atiineem,Adverbio de Lugar,https://v2.dictionary.tzutujil.org/words/67bca0daa53da53fac25616f,Created
Jalb'ajnikiil,Adverbio de Modo,https://v2.dictionary.tzutujil.org/words/67bca0daa53da53fac256170,Created
Jalb'alq'iij,Adverbio de Tiempo,https://v2.dictionary.tzutujil.org/words/67bca0daa53da53fac256171,Created
Ruqajib'al xik'ach'ijch',Aeropuerto,https://v2.dictionary.tzutujil.org/words/67bca0daa53da53fac256172,Created
Xi'laatziij,Afijo,https://v2.dictionary.tzutujil.org/words/67bca0daa53da53fac256173,Created
Q'aqa',África,https://v2.dictionary.tzutujil.org/words/67bca0daa53da53fac256174,Created
Q'eqawinaq,Africanos,https://v2.dictionary.tzutujil.org/words/67bca0daa53da53fac256175,Created
Cholob'al Q'iij,Agenda,https://v2.dictionary.tzutujil.org/words/67bca0daa53da53fac256176,Created
B'anoneel,Agente,https://v2.dictionary.tzutujil.org/words/67bca0daa53da53fac256177,Created
Tz'aqatisaaneem,Agregar,https://v2.dictionary.tzutujil.org/words/67bca0daa53da53fac256178,Created
Tijko'mineel,Agricultor,https://v2.dictionary.tzutujil.org/words/67bca0daa53da53fac256179,Created
Tijko'mineem,Agricultura,https://v2.dictionary.tzutujil.org/words/67bca0daa53da53fac25617a,Created
Ch'amch'oj,Agrio,https://v2.dictionary.tzutujil.org/words/667255605a8ee2d55bcbc3a5,Merged
Retamab'aliil Tijko'm,Agronomía,https://v2.dictionary.tzutujil.org/words/67bca0daa53da53fac25617b,Created
Mulaaj,Agrupación,https://v2.dictionary.tzutujil.org/words/67bca0daa53da53fac25617c,Created
Ya',Agua,https://v2.dictionary.tzutujil.org/words/66724d46363683929dba6b84,Merged
Roqow ya',Agua hervida,https://v2.dictionary.tzutujil.org/words/67bca0dba53da53fac25617d,Created
Raxaya',Agua potable,https://v2.dictionary.tzutujil.org/words/66724bff363683929dba6b82,Merged
ooj,Aguacate,https://v2.dictionary.tzutujil.org/words/66724d49363683929dba6b86,Merged
ti' ooj,Aguate pequeña,https://v2.dictionary.tzutujil.org/words/67bca0dba53da53fac25617e,Created
Yutz'uyik,Aguda,https://v2.dictionary.tzutujil.org/words/66724d4c363683929dba6b89,Merged
Kot,Agudo,https://v2.dictionary.tzutujil.org/words/67bca0dba53da53fac25617f,Created
Xijk,Águila,https://v2.dictionary.tzutujil.org/words/667253835a8ee2d55bcbc1f8,Merged
Q'aqakot,Águila negra,https://v2.dictionary.tzutujil.org/words/67bca0dba53da53fac256180,Created
Ko'lakot,Águila pequeña,https://v2.dictionary.tzutujil.org/words/67bca0dba53da53fac256181,Created
Yakooj,Ahorrar,https://v2.dictionary.tzutujil.org/words/667253a85a8ee2d55bcbc21a,Merged
Yakoneem,Ahorro,https://v2.dictionary.tzutujil.org/words/67bca0dba53da53fac256182,Created
Ruxula'juyu',Aire,https://v2.dictionary.tzutujil.org/words/67bca0dba53da53fac256183,Created
Xika',Alacrán,https://v2.dictionary.tzutujil.org/words/67bca0dba53da53fac256184,Created
K'amach'ijch',Alambre,https://v2.dictionary.tzutujil.org/words/67bca0dba53da53fac256185,Created
B'anol jaay,Albañil,https://v2.dictionary.tzutujil.org/words/66724d54363683929dba6b90,Merged
Ch'ob'ichaaj,Alcachofa,https://v2.dictionary.tzutujil.org/words/67bca0dba53da53fac256186,Created
K'amol b'eey,Alcalde,https://v2.dictionary.tzutujil.org/words/667254735a8ee2d55bcbc2d1,Merged
Ajch'ame'y,Alcalde auxiliar,https://v2.dictionary.tzutujil.org/words/66724d58363683929dba6b94,Merged
Jokaaj,Alcance de ambos puños,https://v2.dictionary.tzutujil.org/words/67bca0dba53da53fac256187,Created
Chipaaj,Alcance de dos dedo,https://v2.dictionary.tzutujil.org/words/6672555c5a8ee2d55bcbc3a2,Merged
chuyaaj,Alcance de los cuatro dedos,https://v2.dictionary.tzutujil.org/words/667257b25a8ee2d55bcbc5c3,Merged
Moq'aaj,Alcance del puño,https://v2.dictionary.tzutujil.org/words/67bca0dba53da53fac256188,Created
Juyu'b'al,Aldea,https://v2.dictionary.tzutujil.org/words/67b8a8a6b239fd045521da8b,Merged
Choltz'ijb',Alfabeto,https://v2.dictionary.tzutujil.org/words/67bca0dca53da53fac256189,Created
B'o'j,Algodón,https://v2.dictionary.tzutujil.org/words/66724d57363683929dba6b93,Merged
Tzuqub'al,Alimentable,https://v2.dictionary.tzutujil.org/words/67bca0dca53da53fac25618a,Created
Ilineem,Alimentación,https://v2.dictionary.tzutujil.org/words/667258915a8ee2d55bcbc68b,Merged
Tzuquun,Alimentado,https://v2.dictionary.tzutujil.org/words/66724d5a363683929dba6b95,Merged
tzuquneel,Alimentador,https://v2.dictionary.tzutujil.org/words/67bca0dca53da53fac25618b,Created
netzuquuni,Alimentan,https://v2.dictionary.tzutujil.org/words/67bca0dca53da53fac25618c,Created
Tzuquuj,Alimentar,https://v2.dictionary.tzutujil.org/words/66724d5b363683929dba6b96,Merged
uk'uyaa',Alimentos,https://v2.dictionary.tzutujil.org/words/667250595a8ee2d55bcbbf4d,Merged
Wa'achikopiil,Alimentos de origen animal,https://v2.dictionary.tzutujil.org/words/67bca0dca53da53fac25618d,Created
Chupub'al,Almohadilla,https://v2.dictionary.tzutujil.org/words/66724fc55a8ee2d55bcbbede,Merged
Ruukaab' wa'ineem,Almorzar,https://v2.dictionary.tzutujil.org/words/67bca0dca53da53fac25618e,Created
Ruukaab' wa'iim,Almuerzo,https://v2.dictionary.tzutujil.org/words/67bca0dca53da53fac25618f,Created
Qaajik,Alquilar,https://v2.dictionary.tzutujil.org/words/67bca0dca53da53fac256190,Created
Qajooj,Alquiler,https://v2.dictionary.tzutujil.org/words/67bca0dca53da53fac256191,Created
nimaalaal,Altura,https://v2.dictionary.tzutujil.org/words/67bca0dca53da53fac256192,Created
Champomal saqiil,Alumbrado público,https://v2.dictionary.tzutujil.org/words/67bca0dca53da53fac256193,Created
tijoxeel,Alumno,https://v2.dictionary.tzutujil.org/words/67b8a8952f1b785c39fb02a6,Merged
Ajtijoxelaa',Alumnos,https://v2.dictionary.tzutujil.org/words/67bca0dca53da53fac256194,Created
K'ay,Amargo,https://v2.dictionary.tzutujil.org/words/66724f9b5a8ee2d55bcbbec0,Merged
Retamab'aliil kajuleew,Ambiente Natural,https://v2.dictionary.tzutujil.org/words/67bca0dda53da53fac256195,Created
Xq'ajko'setul,América,https://v2.dictionary.tzutujil.org/words/67bca0dda53da53fac256196,Created
Pooq',Ampollas de la ano,https://v2.dictionary.tzutujil.org/words/66724fa25a8ee2d55bcbbec6,Merged
Ch'ob'otzijob'al,Análisis Lingüsticos,https://v2.dictionary.tzutujil.org/words/67bca0dda53da53fac256197,Created
Junuman naa'ooj,Analogía,https://v2.dictionary.tzutujil.org/words/67bca0dda53da53fac256198,Created
Retamab'aliil ch'akulaal,Anatomía,https://v2.dictionary.tzutujil.org/words/67bca0dda53da53fac256199,Created
Ruuwach,Ancho,https://v2.dictionary.tzutujil.org/words/66724fa45a8ee2d55bcbbec8,Merged
Ajsikirisaaneel,Anestesiólogo,https://v2.dictionary.tzutujil.org/words/67bca0dda53da53fac25619a,Created
Tz'aqatiil,Anexión,https://v2.dictionary.tzutujil.org/words/66724fae5a8ee2d55bcbbecf,Merged
Ajraq'uleew,Anfibio,https://v2.dictionary.tzutujil.org/words/67bca0dda53da53fac25619b,Created
Ajraq'uleew,Anfibios,https://v2.dictionary.tzutujil.org/words/67bca0dda53da53fac25619b,Merged
Tzuk',Angulo,https://v2.dictionary.tzutujil.org/words/67bca0dda53da53fac25619c,Created
Paya'il chikoj,Aniales acuáticos,https://v2.dictionary.tzutujil.org/words/67bca0dda53da53fac25619d,Created
chikop,Animal,https://v2.dictionary.tzutujil.org/words/66724fb35a8ee2d55bcbbed2,Merged
ti'iij chikop,Animales carnívoros (J),https://v2.dictionary.tzutujil.org/words/67bca0dda53da53fac25619e,Created
Awaj tijko'm,Animales domésticos,https://v2.dictionary.tzutujil.org/words/67bca0dda53da53fac25619f,Created
Ajichaaj chikop,Animales herbívoros,https://v2.dictionary.tzutujil.org/words/67bca0dda53da53fac2561a0,Created
Ajti'ijiil,Animales invertebrados,https://v2.dictionary.tzutujil.org/words/67bca0dda53da53fac2561a1,Created
K'olob'a'neelaa',Animales ovíparos,https://v2.dictionary.tzutujil.org/words/67bca0dda53da53fac2561a2,Created
Kajapamaaj,Animales rumiantes,https://v2.dictionary.tzutujil.org/words/67bca0dda53da53fac2561a3,Created
Aj pa juyu' chikop,Animales salvajes,https://v2.dictionary.tzutujil.org/words/67bca0dda53da53fac2561a4,Created
Ajuleew,Animales terrestres,https://v2.dictionary.tzutujil.org/words/67bca0dda53da53fac2561a5,Created
Kojaxel chikop,Animales útiles al hombre,https://v2.dictionary.tzutujil.org/words/67bca0dda53da53fac2561a6,Created
B'aqilaj chikop,Animales vertebrados,https://v2.dictionary.tzutujil.org/words/67bca0dda53da53fac2561a7,Created
Ajxik'aa',Animales voladores,https://v2.dictionary.tzutujil.org/words/67bca0dea53da53fac2561a8,Created
chikopii',Animles,https://v2.dictionary.tzutujil.org/words/67b8a89bb239fd045521d9e5,Merged
Tz'umanelaa',Anmales mamíferos,https://v2.dictionary.tzutujil.org/words/67bca0dea53da53fac2561a9,Created
Mayamajy,Año de 400 día,https://v2.dictionary.tzutujil.org/words/67bca0dea53da53fac2561aa,Created
Choloq'iij,Año sagrado,https://v2.dictionary.tzutujil.org/words/67bca0dea53da53fac2561ab,Created
K'awax,Anona,https://v2.dictionary.tzutujil.org/words/67bca0dea53da53fac2561ac,Created
Q'anak'awax,Anona amarilla,https://v2.dictionary.tzutujil.org/words/67bca0dea53da53fac2561ad,Created
K'aqak'awax,Anona rosada,https://v2.dictionary.tzutujil.org/words/67bca0dea53da53fac2561ae,Created
Najb'eyaal,Antecesor,https://v2.dictionary.tzutujil.org/words/66724fb85a8ee2d55bcbbed6,Merged
Tasawach,Anteojos,https://v2.dictionary.tzutujil.org/words/67bca0dea53da53fac2561af,Created
Najb'eyaal,Anterior,https://v2.dictionary.tzutujil.org/words/66724fb85a8ee2d55bcbbed6,Merged
Pan Q'an,Antigua,https://v2.dictionary.tzutujil.org/words/67bca0dea53da53fac2561b0,Created
B'anayoon/b'anoyinaq,Antipasiva,https://v2.dictionary.tzutujil.org/words/67bca0dea53da53fac2561b1,Created
Ch'a'on Tziij,Antónimos,https://v2.dictionary.tzutujil.org/words/67bca0dea53da53fac2561b2,Created
Retamab'aliil winaqileem,Antropología,https://v2.dictionary.tzutujil.org/words/67bca0dea53da53fac2561b3,Created
Kik'ib'al,Aparato Circulatorio,https://v2.dictionary.tzutujil.org/words/67bca0dea53da53fac2561b4,Created
Ilinib'al,Aparato Digestivo,https://v2.dictionary.tzutujil.org/words/66724fc65a8ee2d55bcbbedf,Merged
Uxulaanib'al,Aparato respiratorio,https://v2.dictionary.tzutujil.org/words/67bca0dea53da53fac2561b5,Created
tesajaay,Apartamento,https://v2.dictionary.tzutujil.org/words/67bca0dea53da53fac2561b6,Created
Sik'aj,Apazote,https://v2.dictionary.tzutujil.org/words/66724fc95a8ee2d55bcbbee1,Merged
Ruukaab' B'i'aaj,Apellidos,https://v2.dictionary.tzutujil.org/words/66724fcb5a8ee2d55bcbbee2,Merged
Kotichaaj,Apio,https://v2.dictionary.tzutujil.org/words/67b8a8a4b239fd045521da6d,Merged
Konojeel,Aplicativo,https://v2.dictionary.tzutujil.org/words/67bca0dfa53da53fac2561b7,Created
Ritzelal B'i'aaj,Apodo,https://v2.dictionary.tzutujil.org/words/67bca0dfa53da53fac2561b8,Created
kuchuneem,Aportar,https://v2.dictionary.tzutujil.org/words/67bca0dfa53da53fac2561b9,Created
Ch'uut,Apóstrofe,https://v2.dictionary.tzutujil.org/words/67345884ad3d490ac06a201a,Merged
Ojtaqineem,Aprender,https://v2.dictionary.tzutujil.org/words/66724fd15a8ee2d55bcbbee7,Merged
Naqajeem,Aproximación,https://v2.dictionary.tzutujil.org/words/66724fd45a8ee2d55bcbbeea,Merged
Naqajiineem,Aproximar,https://v2.dictionary.tzutujil.org/words/67bca0dfa53da53fac2561ba,Created
Lo'xil,Aragón,https://v2.dictionary.tzutujil.org/words/67bca0dfa53da53fac2561bb,Created
Am,Araña,https://v2.dictionary.tzutujil.org/words/66724fdd5a8ee2d55bcbbeef,Merged
Chee' Amaq',Árbol nacional,https://v2.dictionary.tzutujil.org/words/67bca0dfa53da53fac2561bc,Created
Nik'akot,Arco,https://v2.dictionary.tzutujil.org/words/67bca0dfa53da53fac2561bd,Created
Ixikonq'a',Arco Iris,https://v2.dictionary.tzutujil.org/words/67bca0dfa53da53fac2561be,Created
kuuk,Ardilla,https://v2.dictionary.tzutujil.org/words/66724fe25a8ee2d55bcbbef3,Merged
Ejtz'anib'al,Áreas deportivas,https://v2.dictionary.tzutujil.org/words/67b8a8942f1b785c39fb0296,Merged
Saqasanayi',Arena de campo,https://v2.dictionary.tzutujil.org/words/67bca0dfa53da53fac2561bf,Created
Raxasanayi',Arena de playa,https://v2.dictionary.tzutujil.org/words/67bca0dfa53da53fac2561c0,Created
Ib'ooy,Armado,https://v2.dictionary.tzutujil.org/words/66724fea5a8ee2d55bcbbefa,Merged
K'amajo'b'eneem,Armonía,https://v2.dictionary.tzutujil.org/words/67bca0dfa53da53fac2561c1,Created
Nimalajl,Arroba,https://v2.dictionary.tzutujil.org/words/67bca0dfa53da53fac2561c2,Created
Ruuq'a' raqan ya',Arroyo,https://v2.dictionary.tzutujil.org/words/67bca0dfa53da53fac2561c3,Created
saqiximil,Arroz,https://v2.dictionary.tzutujil.org/words/67bca0dfa53da53fac2561c4,Created
Achib'alaaneem,Arte,https://v2.dictionary.tzutujil.org/words/67bca0dfa53da53fac2561c5,Created
Retamab'aliil tzijob'al,Artes de lenguaje,https://v2.dictionary.tzutujil.org/words/67bca0dfa53da53fac2561c6,Created
Retamab'aliil tzijob'al,Artes del Idioma,https://v2.dictionary.tzutujil.org/words/67bca0dfa53da53fac2561c6,Merged
Weqa'ileem,ARTES DEL LENGUAJE,https://v2.dictionary.tzutujil.org/words/67bca0e0a53da53fac2561c7,Created
Ch'ujtatziij,Articulaciones,https://v2.dictionary.tzutujil.org/words/67bca0e0a53da53fac2561c8,Created
Ch'u'tatziij,Articulo,https://v2.dictionary.tzutujil.org/words/67bca0e0a53da53fac2561c9,Created
Ch'ujtab'ii',Artículo,https://v2.dictionary.tzutujil.org/words/67bca0e0a53da53fac2561ca,Created
Mach'ujtab'ii',Artículo Determinativo,https://v2.dictionary.tzutujil.org/words/67bca0e0a53da53fac2561cb,Created
Ch'ajch'ojirisaaneem,Asear,https://v2.dictionary.tzutujil.org/words/67bca0e0a53da53fac2561cc,Created
Ch'ajch'ojiil,Aseo,https://v2.dictionary.tzutujil.org/words/667253e25a8ee2d55bcbc24e,Merged
Q'anasetul,Asia,https://v2.dictionary.tzutujil.org/words/67bca0e0a53da53fac2561cd,Created
Q'anawinaq,Asiáticos,https://v2.dictionary.tzutujil.org/words/667250045a8ee2d55bcbbf0e,Merged
Rukojoliil etamab'al,Asignatura,https://v2.dictionary.tzutujil.org/words/67bca0e0a53da53fac2561ce,Created
Kuchto'ooneem,Asistencia social,https://v2.dictionary.tzutujil.org/words/67bca0e0a53da53fac2561cf,Created
Chojq'ichi',Asociarse,https://v2.dictionary.tzutujil.org/words/67bca0e0a53da53fac2561d0,Created
B'eyaliil,Aspecto,https://v2.dictionary.tzutujil.org/words/667253505a8ee2d55bcbc1ca,Merged
Kani'iil,Aspecto Completivo,https://v2.dictionary.tzutujil.org/words/67bca0e0a53da53fac2561d1,Created
Mekani'iil,Aspecto Incompletivo,https://v2.dictionary.tzutujil.org/words/67bca0e0a53da53fac2561d2,Created
K'ixk'oj,Áspero,https://v2.dictionary.tzutujil.org/words/67bca0e0a53da53fac2561d3,Created
Muluch'umiil,Asteroide,https://v2.dictionary.tzutujil.org/words/67bca0e0a53da53fac2561d4,Created
Lik'ich'umiil,Astro,https://v2.dictionary.tzutujil.org/words/67bca0e0a53da53fac2561d5,Created
Retamab'aliil lik'ich'imiil,Astronomía,https://v2.dictionary.tzutujil.org/words/67bca0e0a53da53fac2561d6,Created
Xib'ineem,Asustarse,https://v2.dictionary.tzutujil.org/words/67bca0e1b4b6f87a499cc8a6,Created
Soto'im k'aam,Atarraya para profundidades,https://v2.dictionary.tzutujil.org/words/67bca0e2b4b6f87a499cc8a7,Created
Lik'ib'al ch'uu',Atarrayita,https://v2.dictionary.tzutujil.org/words/67bca0e2b4b6f87a499cc8a8,Created
Palowatinaamit,atlántico,https://v2.dictionary.tzutujil.org/words/67bca0e2b4b6f87a499cc8a9,Created
Kaq'iq'aal,Atmósfera,https://v2.dictionary.tzutujil.org/words/67bca0e2b4b6f87a499cc8aa,Created
Rejqale'n,atribuciones,https://v2.dictionary.tzutujil.org/words/67bca0e2a53da53fac2561d7,Created
Ixinak'u'xatziij,Atributivo,https://v2.dictionary.tzutujil.org/words/67bca0e2a53da53fac2561d8,Created
Ruuwac jaay,Atrio,https://v2.dictionary.tzutujil.org/words/67bca0e2a53da53fac2561d9,Created
tijonijaay,Aula,https://v2.dictionary.tzutujil.org/words/67b8a8952f1b785c39fb02a5,Merged
k'iyirisaneem,Aumentar,https://v2.dictionary.tzutujil.org/words/6672501e5a8ee2d55bcbbf1d,Merged
Nimarisaaneel,Aumentativos,https://v2.dictionary.tzutujil.org/words/67bca0e2a53da53fac2561da,Created
Ch'jch',Automóvil,https://v2.dictionary.tzutujil.org/words/67b8a89fb239fd045521da1b,Merged
K'ala'b'eey,Autopista,https://v2.dictionary.tzutujil.org/words/67bca0e2a53da53fac2561db,Created
"K'amol b'eey, Ajpop",Autoridad,https://v2.dictionary.tzutujil.org/words/667254735a8ee2d55bcbc2d1,Merged
Ajxik'aa',Ave,https://v2.dictionary.tzutujil.org/words/67bca0dea53da53fac2561a8,Merged
Tz'ikin,"Ave, de todo género",https://v2.dictionary.tzutujil.org/words/667256d15a8ee2d55bcbc4f6,Merged
Pa'lib'eey,Avenida,https://v2.dictionary.tzutujil.org/words/67bca0e2a53da53fac2561dc,Created
Ajxik'aa',Aves,https://v2.dictionary.tzutujil.org/words/67bca0dea53da53fac2561a8,Merged
Xik'ach'ijch',Avión,https://v2.dictionary.tzutujil.org/words/67b8a89fb239fd045521da22,Merged
Ch'itin xik'ach'ijch',Avioneta,https://v2.dictionary.tzutujil.org/words/67bca0e3a53da53fac2561dd,Created
Aqaaj,Avispa,https://v2.dictionary.tzutujil.org/words/67bca0e3a53da53fac2561de,Created
Tok'oy,Avispa delgada y negra,https://v2.dictionary.tzutujil.org/words/67bca0e3a53da53fac2561df,Created
Ajch'ame'y,Avispa grande que pica,https://v2.dictionary.tzutujil.org/words/66724d58363683929dba6b94,Merged
Maske'laaj,Axilas,https://v2.dictionary.tzutujil.org/words/67bca0e3a53da53fac2561e0,Created
K'uum,Ayote,https://v2.dictionary.tzutujil.org/words/667250285a8ee2d55bcbbf26,Merged
Tojq'aaneem,Ayudarse con algo,https://v2.dictionary.tzutujil.org/words/67bca0e3a53da53fac2561e1,Created
Me'awayineel,Ayunador,https://v2.dictionary.tzutujil.org/words/67bca0e3a53da53fac2561e2,Created
Me'awayineem,Ayunar,https://v2.dictionary.tzutujil.org/words/67bca0e3a53da53fac2561e3,Created
Mewajeem,Ayuno,https://v2.dictionary.tzutujil.org/words/67bca0e3a53da53fac2561e4,Created
K'ajakaab',Azúcar,https://v2.dictionary.tzutujil.org/words/67b8a8a92f1b785c39fb02e7,Merged
Lak'ajuut,Azucena,https://v2.dictionary.tzutujil.org/words/67bca0e3a53da53fac2561e5,Created
Mataq'tami',Ballena,https://v2.dictionary.tzutujil.org/words/67bca0e3a53da53fac2561e6,Created
Taara,Bambú,https://v2.dictionary.tzutujil.org/words/67bca0e3a53da53fac2561e7,Created
Muxa'neem,Bañarse,https://v2.dictionary.tzutujil.org/words/67bca0e3a53da53fac2561e8,Created
Tujaneem,Bañarse en temascal,https://v2.dictionary.tzutujil.org/words/6672503c5a8ee2d55bcbbf37,Merged
Pwoqab'al,Banco,https://v2.dictionary.tzutujil.org/words/67bca0e3a53da53fac2561e9,Created
Lakam,Bandera,https://v2.dictionary.tzutujil.org/words/67b8a8942f1b785c39fb029a,Merged
Isimachii',Barba,https://v2.dictionary.tzutujil.org/words/67bca0e4a53da53fac2561ea,Created
Nimajukuu',Barco,https://v2.dictionary.tzutujil.org/words/67b8a89fb239fd045521da21,Merged
Molaaj,Barrio,https://v2.dictionary.tzutujil.org/words/67bca0e4a53da53fac2561eb,Created
Kutamiil,Barros de la cara,https://v2.dictionary.tzutujil.org/words/67bca0e4a53da53fac2561ec,Created
Mees,Basura,https://v2.dictionary.tzutujil.org/words/67bca0e4a53da53fac2561ed,Created
Aq'e'm,Batea,https://v2.dictionary.tzutujil.org/words/667250525a8ee2d55bcbbf49,Merged
Wujab'al,Biblioteca,https://v2.dictionary.tzutujil.org/words/6672505c5a8ee2d55bcbbf50,Merged
pwoq,Billete,https://v2.dictionary.tzutujil.org/words/67bca0e4a53da53fac2561ee,Created
Wixikinati'aaj,Bisabuela,https://v2.dictionary.tzutujil.org/words/67bca0e4a53da53fac2561ef,Created
wixikinmam,Bisabuelo,https://v2.dictionary.tzutujil.org/words/67bca0e4a53da53fac2561f0,Created
Ixikinamamaaj,Bisnietos,https://v2.dictionary.tzutujil.org/words/67bca0e4a53da53fac2561f1,Created
Iximamaaj,Bisnietos de hombre,https://v2.dictionary.tzutujil.org/words/67bca0e4a53da53fac2561f2,Created
ixikiniyaaj,Bisnietos de mujer,https://v2.dictionary.tzutujil.org/words/67bca0e4a53da53fac2561f3,Created
Tzalawach,Bizco brazo,https://v2.dictionary.tzutujil.org/words/67bca0e4a53da53fac2561f4,Created
Tees,Bledo,https://v2.dictionary.tzutujil.org/words/667250635a8ee2d55bcbbf55,Merged
Chi'aaj,"Boca, labios",https://v2.dictionary.tzutujil.org/words/667250685a8ee2d55bcbbf5a,Merged
Ya'l,Bolsa,https://v2.dictionary.tzutujil.org/words/667255d85a8ee2d55bcbc415,Merged
Joloya'l,Bolsa plástica,https://v2.dictionary.tzutujil.org/words/67bca0e4a53da53fac2561f5,Created
Saqib'al,Bombilla,https://v2.dictionary.tzutujil.org/words/67bca0e4a53da53fac2561f6,Created
Chupub'al,Borrador,https://v2.dictionary.tzutujil.org/words/66724fc55a8ee2d55bcbbede,Merged
chupuuj,Borrar,https://v2.dictionary.tzutujil.org/words/67bca0e4b4b6f87a499cc8ab,Created
K'ichee'laaaj,Bosque,https://v2.dictionary.tzutujil.org/words/67bca0e5b4b6f87a499cc8ac,Created
Retamab'al chee'aq'ayiis,Botánica,https://v2.dictionary.tzutujil.org/words/67bca0e5b4b6f87a499cc8ad,Created
Lameeta,Botella,https://v2.dictionary.tzutujil.org/words/6672506c5a8ee2d55bcbbf5d,Merged
Jaaj,Brazada,https://v2.dictionary.tzutujil.org/words/6672506e5a8ee2d55bcbbf5f,Merged
Raxab'o'j ichaaj,Brócoli,https://v2.dictionary.tzutujil.org/words/67bca0e5b4b6f87a499cc8ae,Created
"Tukur, xikin",Búho o tecolote,https://v2.dictionary.tzutujil.org/words/667259735a8ee2d55bcbc758,Merged
Keej,Caballo,https://v2.dictionary.tzutujil.org/words/6672507b5a8ee2d55bcbbf6a,Merged
Keej,Caballo,https://v2.dictionary.tzutujil.org/words/6672507b5a8ee2d55bcbbf6a,Merged
Amaq'ixeel,Cabecera,https://v2.dictionary.tzutujil.org/words/67bca0e5b4b6f87a499cc8af,Created
Risimal wi'aaj,Cabello,https://v2.dictionary.tzutujil.org/words/67bca0e5b4b6f87a499cc8b0,Created
Wi'aaj,Cabeza,https://v2.dictionary.tzutujil.org/words/6672507d5a8ee2d55bcbbf6c,Merged
Ruutza'm uleew,Cabo,https://v2.dictionary.tzutujil.org/words/67bca0e5b4b6f87a499cc8b1,Created
K'isik',Cabra,https://v2.dictionary.tzutujil.org/words/6672507f5a8ee2d55bcbbf6d,Merged
Kokow,Cacao,https://v2.dictionary.tzutujil.org/words/67bca0e5b4b6f87a499cc8b2,Created
K'alab'al,Cadera,https://v2.dictionary.tzutujil.org/words/667255135a8ee2d55bcbc360,Merged
Chuum,Cal,https://v2.dictionary.tzutujil.org/words/667250845a8ee2d55bcbbf72,Merged
Raxakeej,Calambre,https://v2.dictionary.tzutujil.org/words/67bca0e5b4b6f87a499cc8b3,Created
Raxakeej,Calambre,https://v2.dictionary.tzutujil.org/words/67bca0e5b4b6f87a499cc8b3,Merged
Watwachiineel,Calculadora,https://v2.dictionary.tzutujil.org/words/67bca0e5b4b6f87a499cc8b4,Created
Watwachineem,Calcular,https://v2.dictionary.tzutujil.org/words/67bca0e5b4b6f87a499cc8b5,Created
Watwachineem,Calculo,https://v2.dictionary.tzutujil.org/words/67bca0e5b4b6f87a499cc8b5,Merged
Chol q'iij,Calendario sagrado,https://v2.dictionary.tzutujil.org/words/67bca0e5b4b6f87a499cc8b6,Created
K'atan,Cálido,https://v2.dictionary.tzutujil.org/words/67bca0e6b4b6f87a499cc8b7,Created
Tz'ulub'al kotz'i'j,Cáliz,https://v2.dictionary.tzutujil.org/words/6672508e5a8ee2d55bcbbf7b,Merged
B'eey,Calle,https://v2.dictionary.tzutujil.org/words/6672509f5a8ee2d55bcbbf89,Merged
Aab'ajab'eey,Calle empedrada,https://v2.dictionary.tzutujil.org/words/67bca0e6a53da53fac2561f7,Created
Ruq'a' b'eey,Callejón,https://v2.dictionary.tzutujil.org/words/67bca0e6a53da53fac2561f8,Created
Maq'enaal,Calor,https://v2.dictionary.tzutujil.org/words/67bca0e6a53da53fac2561f9,Created
k'oxawi',Calvo,https://v2.dictionary.tzutujil.org/words/67bca0e6a53da53fac2561fa,Created
Cho'm,Camarón,https://v2.dictionary.tzutujil.org/words/67b8a8a82f1b785c39fb02e2,Merged
cho'm,Camarón,https://v2.dictionary.tzutujil.org/words/67b8a8a82f1b785c39fb02e2,Merged
B'eey,Camino,https://v2.dictionary.tzutujil.org/words/6672509f5a8ee2d55bcbbf89,Merged
Yutz'ub'eey,Camino angosta,https://v2.dictionary.tzutujil.org/words/67bca0e6a53da53fac2561fb,Created
Ijqanib'al ch'ijch',Camión,https://v2.dictionary.tzutujil.org/words/67bca0e6a53da53fac2561fc,Created
B'ijnib'al ch'ijch',Camioneta,https://v2.dictionary.tzutujil.org/words/67bca0e6a53da53fac2561fd,Created
Patz'am,Caña,https://v2.dictionary.tzutujil.org/words/667250ae5a8ee2d55bcbbf97,Merged
Ejtz'anib'al,Cancha,https://v2.dictionary.tzutujil.org/words/67b8a8942f1b785c39fb0296,Merged
Aqanatz'anib'al,Cancha de balompié,https://v2.dictionary.tzutujil.org/words/67bca0e6a53da53fac2561fe,Created
Q'ab'atz'anib'al,Cancha de baloncesto,https://v2.dictionary.tzutujil.org/words/67bca0e6a53da53fac2561ff,Created
B'olosaqib'al,Candela eléctrica,https://v2.dictionary.tzutujil.org/words/67bca0e6a53da53fac256200,Created
Cha'eel,Candidato,https://v2.dictionary.tzutujil.org/words/67bca0e6a53da53fac256201,Created
Tap,Cangrejo,https://v2.dictionary.tzutujil.org/words/667250a55a8ee2d55bcbbf8f,Merged
Jukuu',Canoa,https://v2.dictionary.tzutujil.org/words/667250a65a8ee2d55bcbbf90,Merged
ajil,Cantidad,https://v2.dictionary.tzutujil.org/words/6672579a5a8ee2d55bcbc5ae,Merged
B'iix,Canto,https://v2.dictionary.tzutujil.org/words/67345884ad3d490ac06a2019,Merged
Paamiil,Capacidad (medidas),https://v2.dictionary.tzutujil.org/words/67bca0e7a53da53fac256202,Created
Na'ooneem,Capacidad mental,https://v2.dictionary.tzutujil.org/words/67bca0e7a53da53fac256203,Created
tanaaj,Capitulo,https://v2.dictionary.tzutujil.org/words/667253a35a8ee2d55bcbc215,Merged
palaj,Cara,https://v2.dictionary.tzutujil.org/words/667250b35a8ee2d55bcbbf9b,Merged
T'oot',Caracol,https://v2.dictionary.tzutujil.org/words/667250b55a8ee2d55bcbbf9d,Merged
xaaq,Carbón,https://v2.dictionary.tzutujil.org/words/667259a95a8ee2d55bcbc787,Merged
Ixtu'xiil,Carcañal,https://v2.dictionary.tzutujil.org/words/667259585a8ee2d55bcbc741,Merged
Ti'iij,Carne,https://v2.dictionary.tzutujil.org/words/667255f05a8ee2d55bcbc428,Merged
Josol chee',Carpintero,https://v2.dictionary.tzutujil.org/words/667250c45a8ee2d55bcbbfaa,Merged
Tz'aqab'eey,Carretera asfaltada,https://v2.dictionary.tzutujil.org/words/667250c55a8ee2d55bcbbfab,Merged
Ulewab'eey,Carretera de terrecería,https://v2.dictionary.tzutujil.org/words/667250c65a8ee2d55bcbbfac,Merged
Taqonwuuj,Carta,https://v2.dictionary.tzutujil.org/words/67bca0e7a53da53fac256204,Created
Cholk'asleemaal,Carta magna o constitución politica,https://v2.dictionary.tzutujil.org/words/67bca0e7a53da53fac256205,Created
K'oxawuuj,Cartapacio,https://v2.dictionary.tzutujil.org/words/67bca0e7a53da53fac256206,Created
Tz'aqawuuj,Cartelera,https://v2.dictionary.tzutujil.org/words/67bca0e7a53da53fac256207,Created
Tzaq perawuuj,"Carteles, afiches",https://v2.dictionary.tzutujil.org/words/67bca0e7a53da53fac256208,Created
Perawuuj,Cartulina,https://v2.dictionary.tzutujil.org/words/67bca0e7a53da53fac256209,Created
jaay,Casa,https://v2.dictionary.tzutujil.org/words/667250cb5a8ee2d55bcbbfb1,Merged
Rixikin Tinaamit,Caserío,https://v2.dictionary.tzutujil.org/words/667250cd5a8ee2d55bcbbfb3,Merged
Kaxlan tziij,Castellano,https://v2.dictionary.tzutujil.org/words/667250d05a8ee2d55bcbbfb5,Merged
umaaneel,Causativo,https://v2.dictionary.tzutujil.org/words/67bca0e8a53da53fac25620a,Created
unuup,Ceiba,https://v2.dictionary.tzutujil.org/words/67bca0e8a53da53fac25620b,Created
Metz'aaj,Cejas,https://v2.dictionary.tzutujil.org/words/667250d85a8ee2d55bcbbfbd,Merged
K'ajab'aj,Cemento,https://v2.dictionary.tzutujil.org/words/67bca0e8a53da53fac25620c,Created
Chaaj,Ceniza,https://v2.dictionary.tzutujil.org/words/667250db5a8ee2d55bcbbfbf,Merged
Jo'k'aliil,Centena,https://v2.dictionary.tzutujil.org/words/67bca0e8a53da53fac25620d,Created
K'utaljo'k'al,Centímetro,https://v2.dictionary.tzutujil.org/words/67bca0e8a53da53fac25620e,Created
Nik'aajiil,Centro,https://v2.dictionary.tzutujil.org/words/67bca0e8a53da53fac25620f,Created
Achk'ayiij,Centros comerciales,https://v2.dictionary.tzutujil.org/words/67bca0e8a53da53fac256210,Created
Q'etaxaq,Cerrada,https://v2.dictionary.tzutujil.org/words/67bca0e8a53da53fac256211,Created
Q'oral xikin,Cerumen,https://v2.dictionary.tzutujil.org/words/67bca0e8a53da53fac256212,Created
Meejaaj,Ciclo,https://v2.dictionary.tzutujil.org/words/67bca0e8a53da53fac256213,Created
Etamab'aliil,Ciencia,https://v2.dictionary.tzutujil.org/words/6672513a5a8ee2d55bcbbfe5,Merged
Retamab'aliil kajuleew,Ciencias naturales,https://v2.dictionary.tzutujil.org/words/67bca0dda53da53fac256195,Merged
Juk'ala',Ciento sesenta millares,https://v2.dictionary.tzutujil.org/words/67bca0e8a53da53fac256214,Created
ajilaaj,Cifra,https://v2.dictionary.tzutujil.org/words/6672513b5a8ee2d55bcbbfe6,Merged
K'alab'al,Cintura,https://v2.dictionary.tzutujil.org/words/667255135a8ee2d55bcbc360,Merged
K'isis,Ciprés,https://v2.dictionary.tzutujil.org/words/67bca0e8a53da53fac256215,Created
Satasik,Circular,https://v2.dictionary.tzutujil.org/words/67bca0e8a53da53fac256216,Created
Satasik,Círculo,https://v2.dictionary.tzutujil.org/words/67bca0e8a53da53fac256216,Merged
Satasik,Circunferencia,https://v2.dictionary.tzutujil.org/words/67bca0e8a53da53fac256216,Merged
Juyu',Ciudad,https://v2.dictionary.tzutujil.org/words/67bca0e8a53da53fac256217,Created
saqiil,Claridad,https://v2.dictionary.tzutujil.org/words/67bca0e9a53da53fac256218,Created
saqiil,Claridad,https://v2.dictionary.tzutujil.org/words/67bca0e9a53da53fac256218,Merged
kalaawux,Clavo,https://v2.dictionary.tzutujil.org/words/67bca0e9a53da53fac256219,Created
k'atewaal,Clima,https://v2.dictionary.tzutujil.org/words/67bca0e9a53da53fac25621a,Created
k'utunel pwoq,Cobrador,https://v2.dictionary.tzutujil.org/words/67bca0e9a53da53fac25621b,Created
Q'anach'jch',Cobre,https://v2.dictionary.tzutujil.org/words/67bca0e9a53da53fac25621c,Created
tzakoon,Cocida,https://v2.dictionary.tzutujil.org/words/6672514a5a8ee2d55bcbbff3,Merged
Jachojiil,Cociente,https://v2.dictionary.tzutujil.org/words/67bca0e9a53da53fac25621d,Created
tzakojaay,Cocina,https://v2.dictionary.tzutujil.org/words/67bca0e9a53da53fac25621e,Created
ajtzakoneel,Cocinera,https://v2.dictionary.tzutujil.org/words/67bca0e9a53da53fac25621f,Created
ajk'aas,Codeudor,https://v2.dictionary.tzutujil.org/words/6672522e5a8ee2d55bcbc0c2,Merged
Tza'maxe'eel,Cofía,https://v2.dictionary.tzutujil.org/words/67bca0e9a53da53fac256220,Created
latz'ub'al tz'oo',Colador de nixtamal,https://v2.dictionary.tzutujil.org/words/67bca0e9a53da53fac256221,Created
Ixinatijob'al,Colegios,https://v2.dictionary.tzutujil.org/words/67bca0e9a53da53fac256222,Created
Saqab'o'j ichaaj,Coliflor,https://v2.dictionary.tzutujil.org/words/667251595a8ee2d55bcbc001,Merged
tuunaaj,Colmena,https://v2.dictionary.tzutujil.org/words/67bca0e9a53da53fac256223,Created
Ya'ooj,Colocar,https://v2.dictionary.tzutujil.org/words/667251d65a8ee2d55bcbc071,Merged
B'oniil,Color,https://v2.dictionary.tzutujil.org/words/67b8a8982f1b785c39fb02c4,Merged
Pa'leem,Columna,https://v2.dictionary.tzutujil.org/words/667256ef5a8ee2d55bcbc512,Merged
Su'mal lijaaj,Columna vertebral,https://v2.dictionary.tzutujil.org/words/67bca0eaa53da53fac256224,Created
Mixtuq',Coma,https://v2.dictionary.tzutujil.org/words/6672515c5a8ee2d55bcbc003,Merged
Xojt,Comal,https://v2.dictionary.tzutujil.org/words/667251605a8ee2d55bcbc007,Merged
Chi' xojt,Comalapa,https://v2.dictionary.tzutujil.org/words/67bca0eaa53da53fac256225,Created
Wa'ab'al jaay,Comedor,https://v2.dictionary.tzutujil.org/words/67bca0eaa53da53fac256226,Created
Wa'iil,Comensal,https://v2.dictionary.tzutujil.org/words/67bca0eaa53da53fac256227,Created
K'ayiineem,Comercialización,https://v2.dictionary.tzutujil.org/words/667251645a8ee2d55bcbc00b,Merged
K'ayiij,Comercio,https://v2.dictionary.tzutujil.org/words/667251655a8ee2d55bcbc00c,Merged
Achib'iil,Compañeros(a),https://v2.dictionary.tzutujil.org/words/667251695a8ee2d55bcbc00f,Merged
K'ayeew,Complejo,https://v2.dictionary.tzutujil.org/words/6672516b5a8ee2d55bcbc011,Merged
Tz'aqatiil,Complemento,https://v2.dictionary.tzutujil.org/words/66724fae5a8ee2d55bcbbecf,Merged
Tz'aqat,Completo,https://v2.dictionary.tzutujil.org/words/667250775a8ee2d55bcbbf67,Merged
Taqe'eem,Comprender,https://v2.dictionary.tzutujil.org/words/67bca0eaa53da53fac256228,Created
Taqeem,Comprensión,https://v2.dictionary.tzutujil.org/words/67bca0eba53da53fac256229,Created
Junawachiil,Común,https://v2.dictionary.tzutujil.org/words/667251f75a8ee2d55bcbc08f,Merged
Amaq',Comunidad,https://v2.dictionary.tzutujil.org/words/667257ab5a8ee2d55bcbc5bc,Merged
ejchaam,Concuño de mujer,https://v2.dictionary.tzutujil.org/words/67bca0eba53da53fac25622a,Created
Rub'ajnikiil kaqiq'aal,Condiciones atmosféricas,https://v2.dictionary.tzutujil.org/words/67bca0eba53da53fac25622b,Created
Ch'ob'aaj,Congregación,https://v2.dictionary.tzutujil.org/words/67bca0eba53da53fac25622c,Created
Amaqi'l iximuleew,Congreso de la republica de Guatemala,https://v2.dictionary.tzutujil.org/words/67bca0eba53da53fac25622d,Created
Kemab'anoj tziij,Conjugación,https://v2.dictionary.tzutujil.org/words/67bca0eba53da53fac25622e,Created
B'anoj pach'uuneem,Conjugación verbal,https://v2.dictionary.tzutujil.org/words/67bca0eba53da53fac25622f,Created
Pach'uuneem,Conjugar,https://v2.dictionary.tzutujil.org/words/67bca0eba53da53fac256230,Created
Moolaaj,Conjunto,https://v2.dictionary.tzutujil.org/words/6672517f5a8ee2d55bcbc021,Merged
Talan Moolaaj,Conjunto vacío,https://v2.dictionary.tzutujil.org/words/67bca0eba53da53fac256231,Created
Wuuk'iin,Conmigo,https://v2.dictionary.tzutujil.org/words/67bca0eba53da53fac256232,Created
Etamab'al,Conocimiento,https://v2.dictionary.tzutujil.org/words/667251825a8ee2d55bcbc024,Merged
Majooneem,Conquistar (invasión),https://v2.dictionary.tzutujil.org/words/67bca0eba53da53fac256233,Created
Ch'akooj,Conquistar (un trofeo),https://v2.dictionary.tzutujil.org/words/6672537c5a8ee2d55bcbc1f2,Merged
Mookaaj rixin nuk'ul naa'ooj,Consejo asesor,https://v2.dictionary.tzutujil.org/words/67bca0eba53da53fac256234,Created
Ruxe'al komon tziij,Considerando,https://v2.dictionary.tzutujil.org/words/67bca0eba53da53fac256235,Created
Ruuk'iin,Consigo,https://v2.dictionary.tzutujil.org/words/67bca0eca53da53fac256236,Created
Ch'akultz'ijb',Consonante,https://v2.dictionary.tzutujil.org/words/667251845a8ee2d55bcbc026,Merged
Cholk'asleemaal,Constitución política,https://v2.dictionary.tzutujil.org/words/67bca0e7a53da53fac256205,Merged
Wachalii',Consuegros,https://v2.dictionary.tzutujil.org/words/667251865a8ee2d55bcbc028,Merged
ajilaneel,Contador,https://v2.dictionary.tzutujil.org/words/667251895a8ee2d55bcbc02b,Merged
ajilaaneem,Contar,https://v2.dictionary.tzutujil.org/words/6734588bad3d490ac06a206b,Merged
Uk'aaniil,Contenido,https://v2.dictionary.tzutujil.org/words/67bca0eca53da53fac256237,Created
Awuuk'iin,Contigo,https://v2.dictionary.tzutujil.org/words/67bca0eca53da53fac256238,Created
Setul,Continente,https://v2.dictionary.tzutujil.org/words/67bca0eca53da53fac256239,Created
K'uleemaal,contititucion,https://v2.dictionary.tzutujil.org/words/67bca0eca53da53fac25623a,Created
To'oneem,Cooperar,https://v2.dictionary.tzutujil.org/words/67bca0eca53da53fac25623b,Created
To'on jaay,Cooperativa,https://v2.dictionary.tzutujil.org/words/67bca0eca53da53fac25623c,Created
Nuk'usamajineel,Coordinador,https://v2.dictionary.tzutujil.org/words/67bca0eca53da53fac25623d,Created
Nuk'usamajiineem,Coordinar,https://v2.dictionary.tzutujil.org/words/67bca0eca53da53fac25623e,Created
Ruuwi' chee',Copa de árbol,https://v2.dictionary.tzutujil.org/words/67bca0eca53da53fac25623f,Created
Achib'aleem,Copiar,https://v2.dictionary.tzutujil.org/words/67bca0eca53da53fac256240,Created
K'u'xaaj,Corazón,https://v2.dictionary.tzutujil.org/words/667251935a8ee2d55bcbc034,Merged
K'u'xa'q,Corazonada,https://v2.dictionary.tzutujil.org/words/67bca0eca53da53fac256241,Created
K'sikaa',Cordal caninos,https://v2.dictionary.tzutujil.org/words/67bca0eca53da53fac256242,Created
Ju'junikiil,Correspondencia,https://v2.dictionary.tzutujil.org/words/67bca0eca53da53fac256243,Created
K'amasaqiil,Corriente eléctrica,https://v2.dictionary.tzutujil.org/words/6672551b5a8ee2d55bcbc368,Merged
Kajuleew,Cosmovisión,https://v2.dictionary.tzutujil.org/words/667259f35a8ee2d55bcbc7ca,Merged
K'alk'a'x,Costado,https://v2.dictionary.tzutujil.org/words/667251b15a8ee2d55bcbc04f,Merged
Pooxaaj,Costilla,https://v2.dictionary.tzutujil.org/words/667251b25a8ee2d55bcbc050,Merged
Pooxaaj,Costillas,https://v2.dictionary.tzutujil.org/words/667251b25a8ee2d55bcbc050,Merged
nop,Coyol,https://v2.dictionary.tzutujil.org/words/67bca0eda53da53fac256244,Created
nop,Coyol,https://v2.dictionary.tzutujil.org/words/67bca0eda53da53fac256244,Merged
Utiiw,Coyote,https://v2.dictionary.tzutujil.org/words/667251b85a8ee2d55bcbc055,Merged
Xolq'atin q'iij,Coyuntura (circunstancia),https://v2.dictionary.tzutujil.org/words/67bca0eda53da53fac256245,Created
Ruwi'juyu',Cráter,https://v2.dictionary.tzutujil.org/words/67bca0eda53da53fac256246,Created
Tz'ajatz'ijb'ab'al,Crayones,https://v2.dictionary.tzutujil.org/words/67bca0eda53da53fac256247,Created
Winaqarisaaneem,Creación,https://v2.dictionary.tzutujil.org/words/67bca0eda53da53fac256248,Created
K'ijyeem,Crecen,https://v2.dictionary.tzutujil.org/words/667251b95a8ee2d55bcbc056,Merged
K'ijyeel,Creciente,https://v2.dictionary.tzutujil.org/words/67bca0eda53da53fac256249,Created
Saqatzeb',Crema,https://v2.dictionary.tzutujil.org/words/67bca0eda53da53fac25624a,Created
Nuq'axawachaaj,Cristalino,https://v2.dictionary.tzutujil.org/words/67bca0eda53da53fac25624b,Created
Kajatzuk'awuuj,Cuaderno de cuadricula,https://v2.dictionary.tzutujil.org/words/67bca0eda53da53fac25624c,Created
Kilowuuj,Cuaderno de dibujo,https://v2.dictionary.tzutujil.org/words/67bca0eda53da53fac25624d,Created
Ka'juxawuuj,Cuaderno de doble línea,https://v2.dictionary.tzutujil.org/words/67bca0eda53da53fac25624e,Created
T'ot'awuuj,Cuaderno de espiral,https://v2.dictionary.tzutujil.org/words/67bca0eda53da53fac25624f,Created
Ch'itiwuuj,Cuaderno de notas,https://v2.dictionary.tzutujil.org/words/67bca0eda53da53fac256250,Created
aniwuuj,Cuaderno de taquigrafía,https://v2.dictionary.tzutujil.org/words/67bca0eda53da53fac256251,Created
Kajatzuk',Cuadrado,https://v2.dictionary.tzutujil.org/words/67bca0eda53da53fac256252,Created
Kajatz'uk',Cuadrado,https://v2.dictionary.tzutujil.org/words/67bca0eda53da53fac256253,Created
Rukajul tz'ijb',Cuadro fonémico,https://v2.dictionary.tzutujil.org/words/67bca0eda53da53fac256254,Created
Rukajul q'ajatz'ijb',Cuadro fonético,https://v2.dictionary.tzutujil.org/words/67bca0eda53da53fac256255,Created
Ka'k'al,Cuarenta,https://v2.dictionary.tzutujil.org/words/67345888ad3d490ac06a2046,Merged
Ruupaam q'ab'aaj,Cuarta,https://v2.dictionary.tzutujil.org/words/667251bf5a8ee2d55bcbc05c,Merged
rukaaj,Cuarto,https://v2.dictionary.tzutujil.org/words/67bca0eda53da53fac256256,Created
Ruukaaj ruuwach tijooneem,Cuarto diversificado,https://v2.dictionary.tzutujil.org/words/67bca0eea53da53fac256257,Created
qulaaj,"Cuello, garganta",https://v2.dictionary.tzutujil.org/words/667251c55a8ee2d55bcbc061,Merged
choltun,Cuenta larga,https://v2.dictionary.tzutujil.org/words/67b8a89eb239fd045521da15,Merged
k'aam,Cuerda,https://v2.dictionary.tzutujil.org/words/667257685a8ee2d55bcbc57f,Merged
xamal,Cuerpo,https://v2.dictionary.tzutujil.org/words/67bca0eea53da53fac256258,Created
Ruch'akul taqowuuj,Cuerpo de la carta,https://v2.dictionary.tzutujil.org/words/67bca0eea53da53fac256259,Created
Xamal winaq,Cuerpo humano,https://v2.dictionary.tzutujil.org/words/67bca0eea53da53fac25625a,Created
Chajiin,Cuidado,https://v2.dictionary.tzutujil.org/words/67bca0eea53da53fac25625b,Created
Chajixik,Cuidar,https://v2.dictionary.tzutujil.org/words/67bca0eea53da53fac25625c,Created
Xukuleem,Culto religioso,https://v2.dictionary.tzutujil.org/words/667251ce5a8ee2d55bcbc06a,Merged
B'aaluuk,Cuñado de hombre,https://v2.dictionary.tzutujil.org/words/67bca0eea53da53fac25625d,Created
Ejchaam,Cuñado de mujer,https://v2.dictionary.tzutujil.org/words/67bca0eba53da53fac25622a,Merged
Kotojux,Curva,https://v2.dictionary.tzutujil.org/words/67bca0eea53da53fac25625e,Created
Tixli',Danta,https://v2.dictionary.tzutujil.org/words/67bca0eea53da53fac25625f,Created
Chi jo'jtaq,De cinco en cinco,https://v2.dictionary.tzutujil.org/words/67bca0eea53da53fac256260,Created
Chi kajkaj,De cuatro en cuatro,https://v2.dictionary.tzutujil.org/words/667251da5a8ee2d55bcbc074,Merged
Lajujitaq,De diez en diez,https://v2.dictionary.tzutujil.org/words/67bca0efa53da53fac256261,Created
Chi ka'ka',De dos en dos en dos,https://v2.dictionary.tzutujil.org/words/67bca0efa53da53fac256262,Created
B'elejetaq,De nueve en nueve,https://v2.dictionary.tzutujil.org/words/67bca0efa53da53fac256263,Created
wajxaqitaq,De ocho en ocho,https://v2.dictionary.tzutujil.org/words/67bca0efa53da53fac256264,Created
waqitaq,De seis en seis,https://v2.dictionary.tzutujil.org/words/667251e35a8ee2d55bcbc07c,Merged
chi ox ox,De tres en tres,https://v2.dictionary.tzutujil.org/words/67bca0efa53da53fac256265,Created
Chi jujun,De uno en uno,https://v2.dictionary.tzutujil.org/words/67bca0efa53da53fac256266,Created
Lajajunaa',Década,https://v2.dictionary.tzutujil.org/words/67bca0efa53da53fac256267,Created
Lajitaq,Decena,https://v2.dictionary.tzutujil.org/words/67bca0efa53da53fac256268,Created
Rulajujil xo'iil,Decena de millar,https://v2.dictionary.tzutujil.org/words/67bca0efa53da53fac256269,Created
Lajujiil,Decimal,https://v2.dictionary.tzutujil.org/words/67bca0efa53da53fac25626a,Created
lajujilaal,Decimales,https://v2.dictionary.tzutujil.org/words/667251e95a8ee2d55bcbc082,Merged
Rulajejto'k'al,Decímetro,https://v2.dictionary.tzutujil.org/words/67bca0efa53da53fac25626b,Created
K'isiyeel,Decreciente,https://v2.dictionary.tzutujil.org/words/67bca0efa53da53fac25626c,Created
Rukowilal tziij,decreto,https://v2.dictionary.tzutujil.org/words/67bca0efa53da53fac25626d,Created
Rukowil tziij,Decreto,https://v2.dictionary.tzutujil.org/words/67bca0efa53da53fac25626e,Created
Ruuwi' q'ab'aaj,Dedos de la mano,https://v2.dictionary.tzutujil.org/words/667251ec5a8ee2d55bcbc084,Merged
Ruuwi' aqanaaj,Dedos del pie,https://v2.dictionary.tzutujil.org/words/667251ed5a8ee2d55bcbc085,Merged
Xaax,Delgada,https://v2.dictionary.tzutujil.org/words/667251f35a8ee2d55bcbc08b,Merged
Junawachiil,Democracia,https://v2.dictionary.tzutujil.org/words/667251f75a8ee2d55bcbc08f,Merged
Chilaxaq,Dentada,https://v2.dictionary.tzutujil.org/words/667251f95a8ee2d55bcbc090,Merged
Nimaq reey,Dentudo,https://v2.dictionary.tzutujil.org/words/67bca0efa53da53fac25626f,Created
Ximoj ri'iil,Dependencia,https://v2.dictionary.tzutujil.org/words/67bca0efa53da53fac256270,Created
Ijkiq'a',Derecha,https://v2.dictionary.tzutujil.org/words/67bca0efa53da53fac256271,Created
Rukowil chi'aaj,Derecho,https://v2.dictionary.tzutujil.org/words/67bca0efa53da53fac256272,Created
Rucholajiil k'aslemaal,Derechos humanos,https://v2.dictionary.tzutujil.org/words/67bca0f0a53da53fac256273,Created
Jotaytziij,Derivación,https://v2.dictionary.tzutujil.org/words/67bca0f0a53da53fac256274,Created
Jotayineem,Derivar,https://v2.dictionary.tzutujil.org/words/67bca0f0a53da53fac256275,Created
Kaqpujink'u'xaal,desaliento,https://v2.dictionary.tzutujil.org/words/67bca0f0a53da53fac256276,Created
Najb'eywa'ineem,Desayunar,https://v2.dictionary.tzutujil.org/words/67bca0f0a53da53fac256277,Created
Najb'ey wa'iim,Desayuno,https://v2.dictionary.tzutujil.org/words/67bca0f0a53da53fac256278,Created
Talanik uleew,Desierto,https://v2.dictionary.tzutujil.org/words/67bca0f0a53da53fac256279,Created
Jech'ejik,Desigual,https://v2.dictionary.tzutujil.org/words/667252015a8ee2d55bcbc098,Merged
Jech'ejikeel,Desigualdad,https://v2.dictionary.tzutujil.org/words/67bca0f0a53da53fac25627a,Created
Jiil,Desinencia,https://v2.dictionary.tzutujil.org/words/67bca0f0a53da53fac25627b,Created
Jacob'eenm,Despedida,https://v2.dictionary.tzutujil.org/words/67bca0f0a53da53fac25627c,Created
Taqoxeel,Destinatario,https://v2.dictionary.tzutujil.org/words/6672522a5a8ee2d55bcbc0be,Merged
K'aas,Deuda,https://v2.dictionary.tzutujil.org/words/6672522d5a8ee2d55bcbc0c1,Merged
Ajk'aas,Deudor,https://v2.dictionary.tzutujil.org/words/6672522e5a8ee2d55bcbc0c2,Merged
Q'iij,Día,https://v2.dictionary.tzutujil.org/words/667252325a8ee2d55bcbc0c5,Merged
Jaltzijob'al,Dialecto,https://v2.dictionary.tzutujil.org/words/67bca0f0a53da53fac25627d,Created
Tz'ijb'awuuj kowatziij,Diario oficial,https://v2.dictionary.tzutujil.org/words/67bca0f0a53da53fac25627e,Created
eyaaj,Diente,https://v2.dictionary.tzutujil.org/words/67bca0f0a53da53fac25627f,Created
kojoliil,Diferencia,https://v2.dictionary.tzutujil.org/words/667252475a8ee2d55bcbc0d9,Merged
Tasulitz,Difteria,https://v2.dictionary.tzutujil.org/words/67bca0f0b4b6f87a499cc8b8,Created
Q'ijineel,Dignidad,https://v2.dictionary.tzutujil.org/words/67bca0f0b4b6f87a499cc8b9,Created
Ch'itirisaneel,Diminutivos,https://v2.dictionary.tzutujil.org/words/67bca0f1b4b6f87a499cc8ba,Created
Taqonel amaq',Diputado,https://v2.dictionary.tzutujil.org/words/667252425a8ee2d55bcbc0d4,Merged
Ochochib'al,Dirección,https://v2.dictionary.tzutujil.org/words/667252435a8ee2d55bcbc0d5,Merged
Ochochib'al jaay,Dirección,https://v2.dictionary.tzutujil.org/words/67bca0f1b4b6f87a499cc8bb,Created
Ochochib'al jaay,Dirección,https://v2.dictionary.tzutujil.org/words/67bca0f1b4b6f87a499cc8bb,Merged
Jikatziij,Direccional,https://v2.dictionary.tzutujil.org/words/67bca0f1b4b6f87a499cc8bc,Created
Jiik,Directo,https://v2.dictionary.tzutujil.org/words/667252445a8ee2d55bcbc0d6,Merged
K'amol b'eey,Director,https://v2.dictionary.tzutujil.org/words/667254735a8ee2d55bcbc2d1,Merged
Nimantziij,Disciplina,https://v2.dictionary.tzutujil.org/words/67bca0f1b4b6f87a499cc8bd,Created
Ka'xilatziij,Disílaba,https://v2.dictionary.tzutujil.org/words/67bca0f1b4b6f87a499cc8be,Created
Ko'pisaneem,Disminuir,https://v2.dictionary.tzutujil.org/words/667252465a8ee2d55bcbc0d8,Merged
kojoliil,Distancia,https://v2.dictionary.tzutujil.org/words/667252475a8ee2d55bcbc0d9,Merged
kojoliil,Distancia,https://v2.dictionary.tzutujil.org/words/667252475a8ee2d55bcbc0d9,Merged
Ruuwach tijoneem,Diversificado,https://v2.dictionary.tzutujil.org/words/67bca0f1b4b6f87a499cc8bf,Created
Xolob che',Diversos árboles,https://v2.dictionary.tzutujil.org/words/67bca0f1b4b6f87a499cc8c0,Created
Jachataleel,Dividiendo,https://v2.dictionary.tzutujil.org/words/67bca0f1b4b6f87a499cc8c1,Created
Jachooj,Dividir,https://v2.dictionary.tzutujil.org/words/667258875a8ee2d55bcbc681,Merged
Jachatatal,Divisible,https://v2.dictionary.tzutujil.org/words/67bca0f1b4b6f87a499cc8c2,Created
Jachoneem,División,https://v2.dictionary.tzutujil.org/words/67bca0f1b4b6f87a499cc8c3,Created
Rulewal q'anti',División occidental,https://v2.dictionary.tzutujil.org/words/67bca0f1b4b6f87a499cc8c4,Created
Ruweqa'I q'aqti',División oriental,https://v2.dictionary.tzutujil.org/words/67bca0f1b4b6f87a499cc8c5,Created
Jachooneel,Divisor,https://v2.dictionary.tzutujil.org/words/67bca0f1b4b6f87a499cc8c6,Created
Ti'oneem/q'oxoweem,Dolor,https://v2.dictionary.tzutujil.org/words/67bca0f1b4b6f87a499cc8c7,Created
Awaj tijk'om,Domestica,https://v2.dictionary.tzutujil.org/words/67bca0f1b4b6f87a499cc8c8,Created
Warab'al,Dormitorio,https://v2.dictionary.tzutujil.org/words/6734589109407a19002d1b39,Merged
Riij aqnaa,Dorso del pie,https://v2.dictionary.tzutujil.org/words/67bca0f2b4b6f87a499cc8c9,Created
Rokib'al tziil,Drenaje,https://v2.dictionary.tzutujil.org/words/67bca0f2b4b6f87a499cc8ca,Created
Manimantziij,Duda,https://v2.dictionary.tzutujil.org/words/67bca0f2b4b6f87a499cc8cb,Created
Ki',Dulce,https://v2.dictionary.tzutujil.org/words/667258295a8ee2d55bcbc62e,Merged
Tara'sna,Durazno,https://v2.dictionary.tzutujil.org/words/67bca0f2b4b6f87a499cc8cc,Created
Yab'iliik',Eclipse de luna,https://v2.dictionary.tzutujil.org/words/67bca0f2b4b6f87a499cc8cd,Created
Yab'il q'iij,Eclipse del sol,https://v2.dictionary.tzutujil.org/words/67bca0f2b4b6f87a499cc8ce,Created
K'ulak'ut,Educación,https://v2.dictionary.tzutujil.org/words/67bca0f2b4b6f87a499cc8cf,Created
Retamab'alil siloneem,Educación física,https://v2.dictionary.tzutujil.org/words/67bca0f2b4b6f87a499cc8d0,Created
Retamab'aliil ochochib'al,Educación para el hogar,https://v2.dictionary.tzutujil.org/words/67bca0f2b4b6f87a499cc8d1,Created
Ruuwi' tijoneem,Educación universitario,https://v2.dictionary.tzutujil.org/words/67bca0f2b4b6f87a499cc8d2,Created
Sutub'al,Eje,https://v2.dictionary.tzutujil.org/words/6672525d5a8ee2d55bcbc0ed,Merged
Samajineem/tijon ri'iil,Ejercicio,https://v2.dictionary.tzutujil.org/words/67bca0f2b4b6f87a499cc8d3,Created
Cha'oneem,Ejercito,https://v2.dictionary.tzutujil.org/words/6672527d5a8ee2d55bcbc10b,Merged
Raxakinaq',Ejotes,https://v2.dictionary.tzutujil.org/words/67bca0f2b4b6f87a499cc8d4,Created
Arjaa',El o ella,https://v2.dictionary.tzutujil.org/words/67bca0f2b4b6f87a499cc8d5,Created
Ula'ajaay,Elección,https://v2.dictionary.tzutujil.org/words/67bca0f2b4b6f87a499cc8d6,Created
Elesaneem,Eliminar,https://v2.dictionary.tzutujil.org/words/67bca0f2b4b6f87a499cc8d7,Created
Eje'ee',Ellos o ellas,https://v2.dictionary.tzutujil.org/words/67bca0f2b4b6f87a499cc8d8,Created
Ula'neel,Embajada,https://v2.dictionary.tzutujil.org/words/667252865a8ee2d55bcbc113,Merged
Aq'omaneel,Embajador,https://v2.dictionary.tzutujil.org/words/667255595a8ee2d55bcbc39f,Merged
Kowilaj chee',Encino,https://v2.dictionary.tzutujil.org/words/67bca0f2b4b6f87a499cc8d9,Created
Qajeem pa wi'aaj,Enfermera,https://v2.dictionary.tzutujil.org/words/67bca0f2b4b6f87a499cc8da,Created
Okob'al,Entender,https://v2.dictionary.tzutujil.org/words/67bca0f2b4b6f87a499cc8db,Created
Juun,Entero,https://v2.dictionary.tzutujil.org/words/667252c95a8ee2d55bcbc150,Merged
Ruq'ijaal,Entrada,https://v2.dictionary.tzutujil.org/words/67bca0f3b4b6f87a499cc8dc,Created
Ajilab'aneem,Enumerar,https://v2.dictionary.tzutujil.org/words/67bca0f3b4b6f87a499cc8dd,Created
Ruuwach tz'umaal,Epidermis,https://v2.dictionary.tzutujil.org/words/67bca0f3b4b6f87a499cc8de,Created
Cha'oneem,Época,https://v2.dictionary.tzutujil.org/words/6672527d5a8ee2d55bcbc10b,Merged
B'anb'aneliil,Ergatividad,https://v2.dictionary.tzutujil.org/words/67bca0f3b4b6f87a499cc8df,Created
B'anb'aneel,Ergativos,https://v2.dictionary.tzutujil.org/words/67bca0f3b4b6f87a499cc8e0,Created
Sojlaxaq,Escamada,https://v2.dictionary.tzutujil.org/words/67bca0f3b4b6f87a499cc8e1,Created
Lik'aya',escarcha,https://v2.dictionary.tzutujil.org/words/67bca0f3b4b6f87a499cc8e2,Created
K'utub'al,Escenario,https://v2.dictionary.tzutujil.org/words/6672525e5a8ee2d55bcbc0ee,Merged
B'ak'aliil,Esclavitud,https://v2.dictionary.tzutujil.org/words/67bca0f3b4b6f87a499cc8e3,Created
B'ak'ali,Esclavo,https://v2.dictionary.tzutujil.org/words/667250095a8ee2d55bcbbf11,Merged
rusaqil nuuwach,Esclerótica,https://v2.dictionary.tzutujil.org/words/67bca0f3b4b6f87a499cc8e4,Created
nimasijna'y,Escorpión,https://v2.dictionary.tzutujil.org/words/67bca0f3b4b6f87a499cc8e5,Created
Tz'ijb'aneem,Escribir,https://v2.dictionary.tzutujil.org/words/667252eb5a8ee2d55bcbc16f,Merged
Mayatz'ijb',Escritura maya,https://v2.dictionary.tzutujil.org/words/67bca0f3b4b6f87a499cc8e6,Created
Samajtz'ijb',Escritura practica,https://v2.dictionary.tzutujil.org/words/67bca0f3b4b6f87a499cc8e7,Created
Ch'ob'otz'ijb',Escritura técnica,https://v2.dictionary.tzutujil.org/words/67bca0f3b4b6f87a499cc8e8,Created
Tz'ijb',"Escritura, letra",https://v2.dictionary.tzutujil.org/words/667252ea5a8ee2d55bcbc16e,Merged
Ajilawach,Escrutinio,https://v2.dictionary.tzutujil.org/words/67bca0f3a53da53fac256280,Created
Pokob',Escudo,https://v2.dictionary.tzutujil.org/words/67bca0f3a53da53fac256281,Created
Pokob'amaq',Escudo nacional,https://v2.dictionary.tzutujil.org/words/67bca0f3a53da53fac256282,Created
Tijob'al,Escuela,https://v2.dictionary.tzutujil.org/words/67bca0f3a53da53fac256283,Created
Rupa'lib'al tijob'al,Escuela primaria,https://v2.dictionary.tzutujil.org/words/67bca0f4a53da53fac256284,Created
Rox k'exool,Esdrújulas,https://v2.dictionary.tzutujil.org/words/67bca0f4a53da53fac256285,Created
Ch'ijqo'mineem,Esforzar,https://v2.dictionary.tzutujil.org/words/67bca0f4a53da53fac256286,Created
Ch'ijqo'm,Esfuerzo,https://v2.dictionary.tzutujil.org/words/67bca0f4a53da53fac256287,Created
Lool,Esperanza,https://v2.dictionary.tzutujil.org/words/667253005a8ee2d55bcbc182,Merged
Xuk'uk'eem,esperanza,https://v2.dictionary.tzutujil.org/words/67bca0f4a53da53fac256288,Created
Ruwach'ejkaaj,espinilla,https://v2.dictionary.tzutujil.org/words/667253055a8ee2d55bcbc187,Merged
axayilaal,Esposa,https://v2.dictionary.tzutujil.org/words/67bca0f4a53da53fac256289,Created
Chak'ab'aaq,Esqueleto,https://v2.dictionary.tzutujil.org/words/667253085a8ee2d55bcbc189,Merged
Chak'ab'aaq winaq,Esqueleto humano,https://v2.dictionary.tzutujil.org/words/67bca0f4a53da53fac25628a,Created
ejtz'anib'al,Estadio,https://v2.dictionary.tzutujil.org/words/67b8a8942f1b785c39fb0296,Merged
Saqamaq',Estado,https://v2.dictionary.tzutujil.org/words/67bca0f4a53da53fac25628b,Created
K'ojileem,Estativos,https://v2.dictionary.tzutujil.org/words/67bca0f4a53da53fac25628c,Created
Jaawa',Este,https://v2.dictionary.tzutujil.org/words/67bca0f4b4b6f87a499cc8e9,Created
Pamaaj,Estomago,https://v2.dictionary.tzutujil.org/words/67345881ad3d490ac06a1ffc,Merged
Tijoxik,Estudio,https://v2.dictionary.tzutujil.org/words/667253255a8ee2d55bcbc1a3,Merged
Weqa'aaj,Etapas,https://v2.dictionary.tzutujil.org/words/67bca0f5a53da53fac25628d,Created
okal,Eucalipto,https://v2.dictionary.tzutujil.org/words/67b8a89ab239fd045521d9e1,Merged
Ruqajib'al xik'ach'ijch',Euro puerto,https://v2.dictionary.tzutujil.org/words/67bca0daa53da53fac256172,Merged
Saqasetul,Europa,https://v2.dictionary.tzutujil.org/words/67bca0f5a53da53fac25628e,Created
Saqawinaq,Europeos,https://v2.dictionary.tzutujil.org/words/667253275a8ee2d55bcbc1a5,Merged
Rutzijob'al Ajaaw,Evangelio,https://v2.dictionary.tzutujil.org/words/67bca0f5a53da53fac25628f,Created
Rutzijoxiik rutzijob'al Ajaaw,Evangelización,https://v2.dictionary.tzutujil.org/words/67bca0f5a53da53fac256290,Created
Tz'aqat,Exacto,https://v2.dictionary.tzutujil.org/words/667250775a8ee2d55bcbbf67,Merged
Ruuwi',Exceso,https://v2.dictionary.tzutujil.org/words/6672581b5a8ee2d55bcbc621,Merged
Expedicion,Expedición,https://v2.dictionary.tzutujil.org/words/67bca0f5a53da53fac256291,Created
Solob'al b'eey,Extravío,https://v2.dictionary.tzutujil.org/words/667253315a8ee2d55bcbc1ae,Merged
nuq'ab'aqan,Extremidades,https://v2.dictionary.tzutujil.org/words/67bca0f5a53da53fac256292,Created
Aqanaaj waqan,Extremidades inferiores,https://v2.dictionary.tzutujil.org/words/67bca0f5a53da53fac256293,Created
Q'ab'aaj nuuq'a',Extremidades superiores,https://v2.dictionary.tzutujil.org/words/67bca0f5a53da53fac256294,Created
Jachab'aliil,Factorización,https://v2.dictionary.tzutujil.org/words/67bca0f5a53da53fac256295,Created
Jachab'aaleem,Factorizar,https://v2.dictionary.tzutujil.org/words/67bca0f5a53da53fac256296,Created
Juwiq,Falange,https://v2.dictionary.tzutujil.org/words/67bca0f5a53da53fac256297,Created
Ka'wiq,Falangina,https://v2.dictionary.tzutujil.org/words/67bca0f5a53da53fac256298,Created
Alaxik,Familia,https://v2.dictionary.tzutujil.org/words/67345887ad3d490ac06a2037,Merged
Ach'alal chi',Familia lingüística,https://v2.dictionary.tzutujil.org/words/67bca0f5a53da53fac256299,Created
Ach'alaal ri'iil,Familiares,https://v2.dictionary.tzutujil.org/words/67bca0f5a53da53fac25629a,Created
Jorjor,Faringe,https://v2.dictionary.tzutujil.org/words/67bca0f6a53da53fac25629b,Created
K'ayib'al aq'oom,Farmacia,https://v2.dictionary.tzutujil.org/words/67bca0f6a53da53fac25629c,Created
Chikopii',Fauna,https://v2.dictionary.tzutujil.org/words/67b8a89bb239fd045521d9e5,Merged
Yuqulib'al k'u'xaaj,Fe,https://v2.dictionary.tzutujil.org/words/67bca0f6a53da53fac25629d,Created
Rajilab'al iik',Fecha,https://v2.dictionary.tzutujil.org/words/667253375a8ee2d55bcbc1b4,Merged
Ki'iil,Feliz,https://v2.dictionary.tzutujil.org/words/67bca0f6a53da53fac25629e,Created
Nimak'atan,Fiebre tifoidea,https://v2.dictionary.tzutujil.org/words/67bca0f6a53da53fac25629f,Created
Cholaaj,Filas,https://v2.dictionary.tzutujil.org/words/6672533c5a8ee2d55bcbc1b9,Merged
Kojlaneem,Finalizar de comer,https://v2.dictionary.tzutujil.org/words/67bca0f6a53da53fac2562a0,Created
Ruuwi' q'ab'aaj,Firma,https://v2.dictionary.tzutujil.org/words/667251ec5a8ee2d55bcbc084,Merged
Retamab'al samajach'akuul,Fisiología,https://v2.dictionary.tzutujil.org/words/67bca0f6a53da53fac2562a1,Created
Ruwixal tziij,Flexión,https://v2.dictionary.tzutujil.org/words/67bca0f6a53da53fac2562a2,Created
Wixaneem,Flexionar,https://v2.dictionary.tzutujil.org/words/67bca0f6a53da53fac2562a3,Created
Ruusi'j parkiiy,Flor de izote,https://v2.dictionary.tzutujil.org/words/667253445a8ee2d55bcbc1bf,Merged
Pajrutz',Flor de muerte,https://v2.dictionary.tzutujil.org/words/667253465a8ee2d55bcbc1c1,Merged
Kotz'amaq',Flor nacional,https://v2.dictionary.tzutujil.org/words/67bca0f6a53da53fac2562a4,Created
Che'aal,Flora,https://v2.dictionary.tzutujil.org/words/667259555a8ee2d55bcbc73e,Merged
Q'ajatz'ijb',Fonética,https://v2.dictionary.tzutujil.org/words/67bca0f6a53da53fac2562a5,Created
Q'alatz'ijb'aneem,Fonología,https://v2.dictionary.tzutujil.org/words/67bca0f6a53da53fac2562a6,Created
B'eya'iil,Fórmula,https://v2.dictionary.tzutujil.org/words/67bca0f6a53da53fac2562a7,Created
Kiq'ayis chikopii',Forrajera,https://v2.dictionary.tzutujil.org/words/67bca0f6a53da53fac2562a8,Created
Wech',Fracción,https://v2.dictionary.tzutujil.org/words/67bca0f6a53da53fac2562a9,Created
Wech'ooj,Fraccionar,https://v2.dictionary.tzutujil.org/words/67bca0f6a53da53fac2562aa,Created
Ku'la tziij,Frase,https://v2.dictionary.tzutujil.org/words/67bca0f7a53da53fac2562ab,Created
B'i'aaj ko'la Tziij,Frase nominal,https://v2.dictionary.tzutujil.org/words/67bca0f7a53da53fac2562ac,Created
B'anoj ko'la tziij,Frase verbal,https://v2.dictionary.tzutujil.org/words/67bca0f7a53da53fac2562ad,Created
"Chi RI', chi RI'",Frecuentativo,https://v2.dictionary.tzutujil.org/words/66724f8d5a8ee2d55bcbbeb6,Merged
K'awachaaj,Frente,https://v2.dictionary.tzutujil.org/words/67bca0f7a53da53fac2562ae,Created
kaqatokaan,Fresa,https://v2.dictionary.tzutujil.org/words/67bca0f7a53da53fac2562af,Created
Kinaq',Fríjol,https://v2.dictionary.tzutujil.org/words/667253605a8ee2d55bcbc1d9,Merged
Siyaan kinaq',Fríjol de colores,https://v2.dictionary.tzutujil.org/words/67bca0f7a53da53fac2562b0,Created
Riij awan,Fríjol de milpa,https://v2.dictionary.tzutujil.org/words/67bca0f7a53da53fac2562b1,Created
Ruuwach uleew,Fríjol de suelo,https://v2.dictionary.tzutujil.org/words/6672599c5a8ee2d55bcbc77c,Merged
Q'aqakinaq',Fríjol negro,https://v2.dictionary.tzutujil.org/words/67bca0f7a53da53fac2562b2,Created
Kaqakinaq',Fríjol rojo,https://v2.dictionary.tzutujil.org/words/67bca0f7a53da53fac2562b3,Created
Wachineem,Fructificar,https://v2.dictionary.tzutujil.org/words/67bca0f7a53da53fac2562b4,Created
Wachineel,Fructuoso,https://v2.dictionary.tzutujil.org/words/67bca0f7a53da53fac2562b5,Created
Ruuwach chee',Fruta de árbol,https://v2.dictionary.tzutujil.org/words/667253665a8ee2d55bcbc1de,Merged
Raxamuniil,Frutas,https://v2.dictionary.tzutujil.org/words/667253675a8ee2d55bcbc1df,Merged
Ruuwach,Fruto,https://v2.dictionary.tzutujil.org/words/66724fa45a8ee2d55bcbbec8,Merged
kijqale'maal,Funciones,https://v2.dictionary.tzutujil.org/words/67bca0f7a53da53fac2562b6,Created
Pejtitziij,Futuro,https://v2.dictionary.tzutujil.org/words/67bca0f7a53da53fac2562b7,Created
Ikaan,Gallina ciega,https://v2.dictionary.tzutujil.org/words/667253775a8ee2d55bcbc1ed,Merged
Mama',Gallo,https://v2.dictionary.tzutujil.org/words/6672537a5a8ee2d55bcbc1f0,Merged
K'il,Garbanzo,https://v2.dictionary.tzutujil.org/words/67b8a8a92f1b785c39fb02ec,Merged
Siip,Garrapata,https://v2.dictionary.tzutujil.org/words/6672537e5a8ee2d55bcbc1f4,Merged
Yak'aqan,Garza,https://v2.dictionary.tzutujil.org/words/67bca0f7b4b6f87a499cc8ea,Created
Wosaya',Gaseosos,https://v2.dictionary.tzutujil.org/words/67bca0f8b4b6f87a499cc8eb,Created
mix,Gato,https://v2.dictionary.tzutujil.org/words/6734588ead3d490ac06a2092,Merged
Xijk,Gavilán,https://v2.dictionary.tzutujil.org/words/667253835a8ee2d55bcbc1f8,Merged
Retamab'aliil nimaleem,Geometría,https://v2.dictionary.tzutujil.org/words/67bca0f8b4b6f87a499cc8ec,Created
Chikopiil,Gérmenes,https://v2.dictionary.tzutujil.org/words/67bca0f8b4b6f87a499cc8ed,Created
Runum wachaaj,Glándulas lagrimales,https://v2.dictionary.tzutujil.org/words/67bca0f8b4b6f87a499cc8ee,Created
Jes,Glotis,https://v2.dictionary.tzutujil.org/words/67bca0f8b4b6f87a499cc8ef,Created
Muun,Glotón,https://v2.dictionary.tzutujil.org/words/6672538a5a8ee2d55bcbc1ff,Merged
champomaneel,Gobernado,https://v2.dictionary.tzutujil.org/words/67bca0f8b4b6f87a499cc8f0,Created
ruk'ul chi' champomaneel,Gobernador,https://v2.dictionary.tzutujil.org/words/67bca0f8b4b6f87a499cc8f1,Created
saqamaq'ijiin,Gobernante,https://v2.dictionary.tzutujil.org/words/67bca0f8b4b6f87a499cc8f2,Created
Champomaaneel,Gobernante,https://v2.dictionary.tzutujil.org/words/67bca0f8b4b6f87a499cc8f3,Created
saqamaq'ijineem,Gobernar,https://v2.dictionary.tzutujil.org/words/67bca0f8b4b6f87a499cc8f4,Created
Champomaal,Gobierno,https://v2.dictionary.tzutujil.org/words/67bca0f8b4b6f87a499cc8f5,Created
B'oqol sib',Golondrina,https://v2.dictionary.tzutujil.org/words/67bca0f8b4b6f87a499cc8f6,Created
B'oqol sib',Golondrina,https://v2.dictionary.tzutujil.org/words/67bca0f8b4b6f87a499cc8f6,Merged
Muniil/ matz'ax'aki',Golosinas,https://v2.dictionary.tzutujil.org/words/67bca0f8b4b6f87a499cc8f7,Created
Tz'unun,Gorrión,https://v2.dictionary.tzutujil.org/words/667251585a8ee2d55bcbc000,Merged
K'olotz'ijb',Gótica,https://v2.dictionary.tzutujil.org/words/67bca0f8b4b6f87a499cc8f8,Created
Rejtalaal,Grado,https://v2.dictionary.tzutujil.org/words/67bca0f8b4b6f87a499cc8f9,Created
B'ilamuniil,Granada,https://v2.dictionary.tzutujil.org/words/67bca0f8b4b6f87a499cc8fa,Created
Bilatze'b',Granadía,https://v2.dictionary.tzutujil.org/words/67bca0f9b4b6f87a499cc8fb,Created
Nim,Grande,https://v2.dictionary.tzutujil.org/words/667253995a8ee2d55bcbc20c,Merged
Xo'x,Grasa,https://v2.dictionary.tzutujil.org/words/67b8a8aa2f1b785c39fb0304,Merged
Rukaab' k'exooj,Grave,https://v2.dictionary.tzutujil.org/words/67bca0f9b4b6f87a499cc8fc,Created
Jik'uleew,Gravedad,https://v2.dictionary.tzutujil.org/words/67bca0f9b4b6f87a499cc8fd,Created
Xi'xil,Grillo,https://v2.dictionary.tzutujil.org/words/6672539f5a8ee2d55bcbc211,Merged
Ojb',Gripe o gripa,https://v2.dictionary.tzutujil.org/words/667250d15a8ee2d55bcbbfb6,Merged
Piim,Gruesa,https://v2.dictionary.tzutujil.org/words/667253a25a8ee2d55bcbc214,Merged
B'oraaj,Grupo de objetos,https://v2.dictionary.tzutujil.org/words/667255385a8ee2d55bcbc381,Merged
Kaqiix,Guacamaya,https://v2.dictionary.tzutujil.org/words/67bca0f9b4b6f87a499cc8fe,Created
kaqiix,Guacamaya,https://v2.dictionary.tzutujil.org/words/67bca0f9b4b6f87a499cc8fe,Merged
Muuch',Guachipilín,https://v2.dictionary.tzutujil.org/words/6672512b5a8ee2d55bcbbfd7,Merged
Ch'altza'm,Guardia de hacienda,https://v2.dictionary.tzutujil.org/words/67bca0f9b4b6f87a499cc8ff,Created
Ikaq',Guayaba,https://v2.dictionary.tzutujil.org/words/667253ac5a8ee2d55bcbc21d,Merged
Sik' ch'a'ooj,Guerra,https://v2.dictionary.tzutujil.org/words/67bca0f9b4b6f87a499cc900,Created
ajch'a'ola',Guerrero,https://v2.dictionary.tzutujil.org/words/667253ae5a8ee2d55bcbc21f,Merged
Ik'ooy,Güicoy,https://v2.dictionary.tzutujil.org/words/667253b05a8ee2d55bcbc221,Merged
Ch'imaay,Güisquil,https://v2.dictionary.tzutujil.org/words/667253045a8ee2d55bcbc186,Merged
Juut,Gusano,https://v2.dictionary.tzutujil.org/words/67345884ad3d490ac06a2014,Merged
Ruxee' ch'imaay,Ichíntal,https://v2.dictionary.tzutujil.org/words/67bca0fab4b6f87a499cc901,Created
Tziij,Idioma,https://v2.dictionary.tzutujil.org/words/667256d45a8ee2d55bcbc4f9,Merged
junaam,Igual,https://v2.dictionary.tzutujil.org/words/6734589609407a19002d1b90,Merged
junamiil,Igualdad,https://v2.dictionary.tzutujil.org/words/67bca0fab4b6f87a499cc902,Created
O'on,Iguana,https://v2.dictionary.tzutujil.org/words/67b8a89cb239fd045521d9fe,Merged
Ma k'ulaaj ta,Impar,https://v2.dictionary.tzutujil.org/words/67bca0fab4b6f87a499cc903,Created
Me'ak'aslik,Inanimados,https://v2.dictionary.tzutujil.org/words/67bca0fab4b6f87a499cc904,Created
K'ajtik,Incendios,https://v2.dictionary.tzutujil.org/words/667257c35a8ee2d55bcbc5d3,Merged
Soloj ri'iil,Independencia,https://v2.dictionary.tzutujil.org/words/67bca0fab4b6f87a499cc905,Created
B'anooj,Industria,https://v2.dictionary.tzutujil.org/words/667253ca5a8ee2d55bcbc239,Merged
Ruupaamtziij,Infijo,https://v2.dictionary.tzutujil.org/words/67bca0fab4b6f87a499cc906,Created
Ruuq'atziij,Inflexión,https://v2.dictionary.tzutujil.org/words/67bca0fab4b6f87a499cc907,Created
Rub'eyal saamaaj,Informe,https://v2.dictionary.tzutujil.org/words/67bca0fab4b6f87a499cc908,Created
Tz'ujuuneem,injuria,https://v2.dictionary.tzutujil.org/words/67bca0fab4b6f87a499cc909,Created
Me'aq'aliil,Inorgánicos,https://v2.dictionary.tzutujil.org/words/67bca0fab4b6f87a499cc90a,Created
Mi'x,Insectos,https://v2.dictionary.tzutujil.org/words/67bca0fab4b6f87a499cc90b,Created
Me'wariil,Insomio,https://v2.dictionary.tzutujil.org/words/6672541c5a8ee2d55bcbc281,Merged
Ya'ol ruuq'iij ulaa' taq winaq,Instituto de turismo,https://v2.dictionary.tzutujil.org/words/67bca0fab4b6f87a499cc90c,Created
K'utuneem,Instrucción escolar,https://v2.dictionary.tzutujil.org/words/6672542b5a8ee2d55bcbc28f,Merged
K'utuneem,Instruir enseñar,https://v2.dictionary.tzutujil.org/words/6672542b5a8ee2d55bcbc28f,Merged
Chapab'al cho'm,Instrumento para camaronear,https://v2.dictionary.tzutujil.org/words/67bca0fbb4b6f87a499cc90d,Created
Chapab'al ch'uu',Instrumento para pescar,https://v2.dictionary.tzutujil.org/words/67bca0fbb4b6f87a499cc90e,Created
Lajileel,Intensivo,https://v2.dictionary.tzutujil.org/words/67bca0fbb4b6f87a499cc90f,Created
Raal pwoq,Interés,https://v2.dictionary.tzutujil.org/words/67bca0fbb4b6f87a499cc910,Created
Rejtaal k'utuneem,Interrogación,https://v2.dictionary.tzutujil.org/words/67bca0fbb4b6f87a499cc911,Created
K'utuneem,Interrogar,https://v2.dictionary.tzutujil.org/words/6672542b5a8ee2d55bcbc28f,Merged
K'utuuj,Interrogativa,https://v2.dictionary.tzutujil.org/words/667252c75a8ee2d55bcbc14e,Merged
junanil molaaj,Intersección,https://v2.dictionary.tzutujil.org/words/67bca0fbb4b6f87a499cc912,Created
Ixkooloo',Intestinos,https://v2.dictionary.tzutujil.org/words/67bca0fbb4b6f87a499cc913,Created
Jab'aq'iij,Invierno,https://v2.dictionary.tzutujil.org/words/6672542f5a8ee2d55bcbc293,Merged
Jab',invierno,https://v2.dictionary.tzutujil.org/words/67345882ad3d490ac06a2009,Merged
Mena'oneem,Irracional,https://v2.dictionary.tzutujil.org/words/67bca0fbb4b6f87a499cc914,Created
Ma qatziij ta,Irreal,https://v2.dictionary.tzutujil.org/words/667256135a8ee2d55bcbc448,Merged
Yak'ayik uleew,Istmo,https://v2.dictionary.tzutujil.org/words/67bca0fbb4b6f87a499cc915,Created
Tzalajtz'ijb',Italica,https://v2.dictionary.tzutujil.org/words/67bca0fbb4b6f87a499cc916,Created
Pa b'ukuleew,Izabal,https://v2.dictionary.tzutujil.org/words/67bca0fbb4b6f87a499cc917,Created
Xajil,Jacaltenanngo,https://v2.dictionary.tzutujil.org/words/67bca0fbb4b6f87a499cc918,Created
Chi sanayi',Jalapa,https://v2.dictionary.tzutujil.org/words/67bca0fbb4b6f87a499cc919,Created
Sojl,Jiote,https://v2.dictionary.tzutujil.org/words/67bca0fbb4b6f87a499cc91a,Created
Q'inon,Jocote,https://v2.dictionary.tzutujil.org/words/67bca0fba53da53fac2562b8,Created
Q'atol tziij,Juez,https://v2.dictionary.tzutujil.org/words/67bca0fba53da53fac2562b9,Created
Jikib'aneel tzujuneem,Juez de instancia,https://v2.dictionary.tzutujil.org/words/67bca0fba53da53fac2562ba,Created
Ch'uch'ujaq'etal tziij,Juez de paz,https://v2.dictionary.tzutujil.org/words/67bca0fca53da53fac2562bb,Created
Kumatz'ach'umiil,Júpiter,https://v2.dictionary.tzutujil.org/words/67bca0fca53da53fac2562bc,Created
Chi purya',Jutiapa,https://v2.dictionary.tzutujil.org/words/67bca0fca53da53fac2562bd,Created
Q'atab'al tziij,Juzgado,https://v2.dictionary.tzutujil.org/words/67bca0fca53da53fac2562be,Created
Tijb'al,La boratorio,https://v2.dictionary.tzutujil.org/words/67bca0fca53da53fac2562bf,Created
Tijtab'al kematz'ijb',Laboratorio de computación,https://v2.dictionary.tzutujil.org/words/67bca0fca53da53fac2562c0,Created
Tijtab'al tijoneem,Laboratorio escolar,https://v2.dictionary.tzutujil.org/words/67bca0fca53da53fac2562c1,Created
Tijtab'al aq'oom,Laboratorio medico,https://v2.dictionary.tzutujil.org/words/67bca0fca53da53fac2562c2,Created
Tijtab'al xaniil,Laboratorio químico,https://v2.dictionary.tzutujil.org/words/67bca0fca53da53fac2562c3,Created
Poron xaan,Ladrillo,https://v2.dictionary.tzutujil.org/words/67bca0fca53da53fac2562c4,Created
Si'k,Lagartija,https://v2.dictionary.tzutujil.org/words/667254505a8ee2d55bcbc2b0,Merged
Chooy,Lago,https://v2.dictionary.tzutujil.org/words/667254525a8ee2d55bcbc2b2,Merged
Ya'al wachaaj,Lágrimas,https://v2.dictionary.tzutujil.org/words/67bca0fca53da53fac2562c5,Created
chooy,Laguna,https://v2.dictionary.tzutujil.org/words/667254525a8ee2d55bcbc2b2,Merged
Metik'u'x,Laica,https://v2.dictionary.tzutujil.org/words/67bca0fca53da53fac2562c6,Created
B'otasaq,Lamiluz,https://v2.dictionary.tzutujil.org/words/67bca0fca53da53fac2562c7,Created
B'otach'ijch',Lamina,https://v2.dictionary.tzutujil.org/words/67bca0fca53da53fac2562c8,Created
B'otajaay,Lamina duralita,https://v2.dictionary.tzutujil.org/words/67bca0fca53da53fac2562c9,Created
B'otach'ijch',Laminas,https://v2.dictionary.tzutujil.org/words/67bca0fca53da53fac2562c8,Merged
kajasaqiil,Lámpara,https://v2.dictionary.tzutujil.org/words/667254535a8ee2d55bcbc2b3,Merged
Ch'ijch'ajukuu',Lancha,https://v2.dictionary.tzutujil.org/words/67bca0fca53da53fac2562ca,Created
Tz'ijb'ab'al,Lapicero,https://v2.dictionary.tzutujil.org/words/667254545a8ee2d55bcbc2b4,Merged
Che'atz'ijb'ab'al,Lápiz,https://v2.dictionary.tzutujil.org/words/67bca0fda53da53fac2562cb,Created
Nim,Largo,https://v2.dictionary.tzutujil.org/words/667253995a8ee2d55bcbc20c,Merged
Tz'uum,Leche,https://v2.dictionary.tzutujil.org/words/67bca0fda53da53fac2562cc,Created
Tz'umawajkax,Leche de vaca,https://v2.dictionary.tzutujil.org/words/67bca0fda53da53fac2562cd,Created
Xooch',Lechuza,https://v2.dictionary.tzutujil.org/words/67b8a89eb239fd045521da11,Merged
Paq'on sii',Leña rajada,https://v2.dictionary.tzutujil.org/words/67bca0fda53da53fac2562ce,Created
Aq'aaj,Lengua,https://v2.dictionary.tzutujil.org/words/67bca0fda53da53fac2562cf,Created
Rutank'o'r ixikinaaj,Lenticular,https://v2.dictionary.tzutujil.org/words/67bca0fda53da53fac2562d0,Created
Yuqutz'ijb',Letra cursiva,https://v2.dictionary.tzutujil.org/words/6672546c5a8ee2d55bcbc2ca,Merged
Junatz'ijb',Letra de molde,https://v2.dictionary.tzutujil.org/words/6672546d5a8ee2d55bcbc2cb,Merged
Rub'eeyal tziij rixin tinaamit,Ley del consejo nacional,https://v2.dictionary.tzutujil.org/words/67bca0fda53da53fac2562d1,Created
junaniil,Libertad,https://v2.dictionary.tzutujil.org/words/6734589509407a19002d1b8a,Merged
Junaniil,Libertad,https://v2.dictionary.tzutujil.org/words/6734589509407a19002d1b8a,Merged
Kolotajik,Libertad de cautiverio,https://v2.dictionary.tzutujil.org/words/67bca0fda53da53fac2562d2,Created
Alajil,Libertad democrática,https://v2.dictionary.tzutujil.org/words/67bca0fda53da53fac2562d3,Created
Tziij,Libras,https://v2.dictionary.tzutujil.org/words/667256d45a8ee2d55bcbc4f9,Merged
Sik'in wuuj,Libro,https://v2.dictionary.tzutujil.org/words/67bca0fda53da53fac2562d4,Created
Tz'ajawuuj,Libro para colorear,https://v2.dictionary.tzutujil.org/words/67bca0fda53da53fac2562d5,Created
Ajpojp,Líder,https://v2.dictionary.tzutujil.org/words/67bca0fda53da53fac2562d6,Created
Ixajpojp,Lideraza,https://v2.dictionary.tzutujil.org/words/67bca0fea53da53fac2562d7,Created
Tz'umamuniil,Lima,https://v2.dictionary.tzutujil.org/words/67bca0fea53da53fac2562d8,Created
Jux,Línea,https://v2.dictionary.tzutujil.org/words/67bca0fea53da53fac2562d9,Created
Jikajux,Línea recta,https://v2.dictionary.tzutujil.org/words/67bca0fea53da53fac2562da,Created
Soltzijob'al,Lingüística,https://v2.dictionary.tzutujil.org/words/67bca0fea53da53fac2562db,Created
B'aq'asaqiil,Linterna,https://v2.dictionary.tzutujil.org/words/67bca0fea53da53fac2562dc,Created
Ya'yoj,Líquidos,https://v2.dictionary.tzutujil.org/words/67bca0fea53da53fac2562dd,Created
Ruperaajiil,Literal,https://v2.dictionary.tzutujil.org/words/67bca0fea53da53fac2562de,Created
Ch'ujch'uliil,Litio,https://v2.dictionary.tzutujil.org/words/67bca0fea53da53fac2562df,Created
Punalam'et,Litro,https://v2.dictionary.tzutujil.org/words/67bca0fea53da53fac2562e0,Created
K'ojlib'aneel,Locativo,https://v2.dictionary.tzutujil.org/words/67bca0fea53da53fac2562e1,Created
Nimarab'ajti'iij,Longaniza,https://v2.dictionary.tzutujil.org/words/67bca0fea53da53fac2562e2,Created
Ch'umil q'aaq',Luciérnaga,https://v2.dictionary.tzutujil.org/words/67bca0fea53da53fac2562e3,Created
K'ojlib'al,Lugar,https://v2.dictionary.tzutujil.org/words/667255175a8ee2d55bcbc364,Merged
Iik',Luna,https://v2.dictionary.tzutujil.org/words/667255705a8ee2d55bcbc3b4,Merged
Alaj iik',Luna nueva,https://v2.dictionary.tzutujil.org/words/667255195a8ee2d55bcbc366,Merged
Eeyaaj,Lunar,https://v2.dictionary.tzutujil.org/words/6672523b5a8ee2d55bcbc0ce,Merged
jo'ajunaa',Lustro,https://v2.dictionary.tzutujil.org/words/67bca0fea53da53fac2562e4,Created
K'amasaqiil,Luz eléctrica,https://v2.dictionary.tzutujil.org/words/6672551b5a8ee2d55bcbc368,Merged
Saqil q'iij,Luz natural,https://v2.dictionary.tzutujil.org/words/6672551d5a8ee2d55bcbc369,Merged
Q'utub'al,Machucador,https://v2.dictionary.tzutujil.org/words/6672551f5a8ee2d55bcbc36b,Merged
Tz'alam,Madera,https://v2.dictionary.tzutujil.org/words/667259525a8ee2d55bcbc73c,Merged
Tz'umanelaa',Mamíferos,https://v2.dictionary.tzutujil.org/words/67bca0dea53da53fac2561a9,Merged
Ruuk'u'x ya',Manantial,https://v2.dictionary.tzutujil.org/words/67bca0ffa53da53fac2562e5,Created
Q'ab'aaj,Mano,https://v2.dictionary.tzutujil.org/words/667255375a8ee2d55bcbc380,Merged
Kaxlan q'anaxo'x,Mantequilla,https://v2.dictionary.tzutujil.org/words/67bca0ffa53da53fac2562e6,Created
Nimamixk'u',Manzana,https://v2.dictionary.tzutujil.org/words/67b8a89ab239fd045521d9dc,Merged
Kotz'i'jaq'oom,Manzanilla,https://v2.dictionary.tzutujil.org/words/67bca0ffa53da53fac2562e7,Created
Aqa'winaq,Mapacha,https://v2.dictionary.tzutujil.org/words/67bca0ffa53da53fac2562e8,Created
palow,Mar,https://v2.dictionary.tzutujil.org/words/6672553b5a8ee2d55bcbc384,Merged
Rejtal ruq'ijool,Marcador de tiempo,https://v2.dictionary.tzutujil.org/words/6672553c5a8ee2d55bcbc385,Merged
Ajsi'olaa',Marinos,https://v2.dictionary.tzutujil.org/words/67bca0ffa53da53fac2562e9,Created
Pepe',Mariposa,https://v2.dictionary.tzutujil.org/words/6734588dad3d490ac06a2091,Merged
tijpalow,Mariscos,https://v2.dictionary.tzutujil.org/words/67bca0ffa53da53fac2562ea,Created
B'ajib'al,Martillo,https://v2.dictionary.tzutujil.org/words/667255405a8ee2d55bcbc389,Merged
Talob'oon,Masacuate,https://v2.dictionary.tzutujil.org/words/67bca0ffa53da53fac2562eb,Created
Retamab'al ajilab'al,Matemática,https://v2.dictionary.tzutujil.org/words/67bca0ffa53da53fac2562ec,Created
Rulewaal chojq'aaq',Materia y energía,https://v2.dictionary.tzutujil.org/words/67bca0ffa53da53fac2562ed,Created
Te'ej pamaaj,Matriz,https://v2.dictionary.tzutujil.org/words/67bca0ffa53da53fac2562ee,Created
Nimajachoneel,Máximo común divisor,https://v2.dictionary.tzutujil.org/words/67bca0ffa53da53fac2562ef,Created
Nimatz'ijb',Mayúsculas,https://v2.dictionary.tzutujil.org/words/67bca0ffa53da53fac2562f0,Created
Nimako'li,Mediano,https://v2.dictionary.tzutujil.org/words/67bca0ffa53da53fac2562f1,Created
Aq'omaneel,Medico,https://v2.dictionary.tzutujil.org/words/667255595a8ee2d55bcbc39f,Merged
Ch'utik'isb'al raqan ejtab'al,Medida de longitud,https://v2.dictionary.tzutujil.org/words/67bca100b4b6f87a499cc91b,Created
Q'oraal,Medida de masa,https://v2.dictionary.tzutujil.org/words/6672555b5a8ee2d55bcbc3a1,Merged
Ruchiset pamil ejtab'al,Medidas de capacidad,https://v2.dictionary.tzutujil.org/words/67bca100b4b6f87a499cc91c,Created
Ajliil ejtab'al,Medidas de peso,https://v2.dictionary.tzutujil.org/words/67bca100b4b6f87a499cc91d,Created
Q'ijol ejtab'al,Medidas de tiempo,https://v2.dictionary.tzutujil.org/words/67bca100b4b6f87a499cc91e,Created
Tinaamit ri'iil,Medio comunitario,https://v2.dictionary.tzutujil.org/words/67bca100b4b6f87a499cc91f,Created
Ijqanib'al ri'iil,Medio de transporte,https://v2.dictionary.tzutujil.org/words/67bca100b4b6f87a499cc920,Created
Rutewul tijoneem,Medio escolar,https://v2.dictionary.tzutujil.org/words/67bca100b4b6f87a499cc921,Created
Tz'ijb'an tziij,Medio escrito,https://v2.dictionary.tzutujil.org/words/67bca100b4b6f87a499cc922,Created
Tzijon tziij,Medio oral,https://v2.dictionary.tzutujil.org/words/67bca100b4b6f87a499cc923,Created
Xe'eeyaaj,Mejilla,https://v2.dictionary.tzutujil.org/words/67bca100b4b6f87a499cc924,Created
Tukub'al,Meneador,https://v2.dictionary.tzutujil.org/words/67b8a8a2b239fd045521da5d,Merged
Ch'iipiil,Meñique,https://v2.dictionary.tzutujil.org/words/667251ea5a8ee2d55bcbc083,Merged
Eeleel,Menos,https://v2.dictionary.tzutujil.org/words/667255685a8ee2d55bcbc3ad,Merged
Kajkate',Mentón,https://v2.dictionary.tzutujil.org/words/667257c85a8ee2d55bcbc5d7,Merged
K'ayib'al,Mercado,https://v2.dictionary.tzutujil.org/words/6672556e5a8ee2d55bcbc3b2,Merged
Q'anach'umiil,Mercurio,https://v2.dictionary.tzutujil.org/words/67bca100b4b6f87a499cc925,Created
Nima'el etjo'k'al,Metro,https://v2.dictionary.tzutujil.org/words/67bca100b4b6f87a499cc926,Created
Ejtak'al,Metros,https://v2.dictionary.tzutujil.org/words/67bca100b4b6f87a499cc927,Created
Xu'y,Mezquino,https://v2.dictionary.tzutujil.org/words/667250255a8ee2d55bcbbf23,Merged
Ch'itinuk'uleem,Microsistema,https://v2.dictionary.tzutujil.org/words/67bca100b4b6f87a499cc928,Created
Nimanuk'uleem,Microsistema,https://v2.dictionary.tzutujil.org/words/67bca100b4b6f87a499cc929,Created
Elenik taq winaq,Migrante,https://v2.dictionary.tzutujil.org/words/67bca100b4b6f87a499cc92a,Created
Elenik winaq,Migrante,https://v2.dictionary.tzutujil.org/words/67bca101b4b6f87a499cc92b,Created
Xo'ajunaa',Milenio,https://v2.dictionary.tzutujil.org/words/67bca101b4b6f87a499cc92c,Created
Kutalq'o',Milímetro,https://v2.dictionary.tzutujil.org/words/67bca101b4b6f87a499cc92d,Created
Tzaqb'it ramaq'am,Milla,https://v2.dictionary.tzutujil.org/words/67bca101b4b6f87a499cc92e,Created
Xo'iil,Millar,https://v2.dictionary.tzutujil.org/words/667255b35a8ee2d55bcbc3f2,Merged
T'ij,Millón,https://v2.dictionary.tzutujil.org/words/67bca101b4b6f87a499cc92f,Created
Ya'aab'aj,Minerales,https://v2.dictionary.tzutujil.org/words/67bca101b4b6f87a499cc930,Created
Ko'lajachoneel,Mínimo común multiplicador,https://v2.dictionary.tzutujil.org/words/67bca101b4b6f87a499cc931,Created
chituy,Ministerio,https://v2.dictionary.tzutujil.org/words/67bca101b4b6f87a499cc932,Created
chituy ajtijko'm,Ministerio de agricultura,https://v2.dictionary.tzutujil.org/words/67bca101b4b6f87a499cc933,Created
chituy ajtziij ajtz'aaq,Ministerio de comunicaciones,https://v2.dictionary.tzutujil.org/words/67bca101b4b6f87a499cc934,Created
chituy b'anob'al ejtz'neem,Ministerio de cultura y deporte,https://v2.dictionary.tzutujil.org/words/67bca101b4b6f87a499cc935,Created
chituy ajpokob',Ministerio de defensa Nacional,https://v2.dictionary.tzutujil.org/words/67bca101b4b6f87a499cc936,Created
Chituy ajmeb',Ministerio de economía,https://v2.dictionary.tzutujil.org/words/67bca101b4b6f87a499cc937,Created
chituy ajtiij,Ministerio de educación,https://v2.dictionary.tzutujil.org/words/67bca101b4b6f87a499cc938,Created
chituy ajpwoq,Ministerio de finanzas,https://v2.dictionary.tzutujil.org/words/67bca101b4b6f87a499cc939,Created
chituy chajiineel,Ministerio de gobernación,https://v2.dictionary.tzutujil.org/words/67bca101b4b6f87a499cc93a,Created
chituy ajtziij,Ministerio de relaciones exteriores,https://v2.dictionary.tzutujil.org/words/67bca101b4b6f87a499cc93b,Created
chituy ajsamaaj,Ministerio de trabajo,https://v2.dictionary.tzutujil.org/words/67bca101b4b6f87a499cc93c,Created
ajchituy,Ministro,https://v2.dictionary.tzutujil.org/words/67bca101b4b6f87a499cc93d,Created
K'ama'eel,Minuendo,https://v2.dictionary.tzutujil.org/words/67bca101b4b6f87a499cc93e,Created
Ch'ititz'ijb',Minúsculas,https://v2.dictionary.tzutujil.org/words/67bca101b4b6f87a499cc93f,Created
Kaqweqa'aq'iij,Minuto,https://v2.dictionary.tzutujil.org/words/67bca101b4b6f87a499cc940,Created
xolawach,Mixto(fracción),https://v2.dictionary.tzutujil.org/words/67bca101b4b6f87a499cc941,Created
K'aqoneem,Moción,https://v2.dictionary.tzutujil.org/words/67bca102b4b6f87a499cc942,Created
Pa tza'maaj,Moco,https://v2.dictionary.tzutujil.org/words/667255be5a8ee2d55bcbc3fd,Merged
K'exata's,Modificadores de sustantivos,https://v2.dictionary.tzutujil.org/words/67bca102b4b6f87a499cc943,Created
B'ajnikilaal,Modo,https://v2.dictionary.tzutujil.org/words/667255c05a8ee2d55bcbc3fe,Merged
Rub'ajnikil b'anooj,Modo imperativo,https://v2.dictionary.tzutujil.org/words/67bca102b4b6f87a499cc944,Created
K'ulb'a't,Mojón,https://v2.dictionary.tzutujil.org/words/667253635a8ee2d55bcbc1dc,Merged
mejaaj,Momento,https://v2.dictionary.tzutujil.org/words/67bca102b4b6f87a499cc945,Created
Chi ruuwi' tz'aaq,Momostenango,https://v2.dictionary.tzutujil.org/words/67bca102b4b6f87a499cc946,Created
Tesepowoq,Moneda,https://v2.dictionary.tzutujil.org/words/67bca102b4b6f87a499cc947,Created
Saqakotz'i'j amaq',Monja blanca,https://v2.dictionary.tzutujil.org/words/67bca102b4b6f87a499cc948,Created
K'ichee'laaj,Montaña,https://v2.dictionary.tzutujil.org/words/667258785a8ee2d55bcbc673,Merged
Chaptziij,Morfema,https://v2.dictionary.tzutujil.org/words/67bca102b4b6f87a499cc949,Created
Choltzijineem,Morfología,https://v2.dictionary.tzutujil.org/words/67bca102b4b6f87a499cc94a,Created
B'ijnel ya',Motagua (río),https://v2.dictionary.tzutujil.org/words/6672582b5a8ee2d55bcbc630,Merged
K'iy,Mucho,https://v2.dictionary.tzutujil.org/words/667255e25a8ee2d55bcbc41c,Merged
K'iyaal,Muchos,https://v2.dictionary.tzutujil.org/words/67bca0d9a53da53fac25615a,Merged
Tijkaleel,Multiplicable,https://v2.dictionary.tzutujil.org/words/67bca102b4b6f87a499cc94b,Created
K'iyirisaaneem,Multiplicación,https://v2.dictionary.tzutujil.org/words/67bca102b4b6f87a499cc94c,Created
Tijko'mineel,Multiplicador,https://v2.dictionary.tzutujil.org/words/67bca0daa53da53fac256179,Merged
Tikojixeel,Multiplicando,https://v2.dictionary.tzutujil.org/words/667255e95a8ee2d55bcbc421,Merged
Tikooj,Multiplicar,https://v2.dictionary.tzutujil.org/words/667255e75a8ee2d55bcbc420,Merged
Jachopaxeel,Múltiplo,https://v2.dictionary.tzutujil.org/words/67bca102b4b6f87a499cc94d,Created
Qulaq'ab'aaj,Muñeca,https://v2.dictionary.tzutujil.org/words/667255eb5a8ee2d55bcbc423,Merged
Q'atab'al tziij,Municipalidad,https://v2.dictionary.tzutujil.org/words/67bca0fca53da53fac2562be,Merged
Ti'oojiil,Músculo,https://v2.dictionary.tzutujil.org/words/67bca103b4b6f87a499cc94e,Created
Ti'oojiil,Músculo,https://v2.dictionary.tzutujil.org/words/67bca103b4b6f87a499cc94e,Merged
Ruuwach uleew,naturaleza,https://v2.dictionary.tzutujil.org/words/6672599c5a8ee2d55bcbc77c,Merged
"Rub'aniik, ruxe'aal k'in nrajob'eej","Naturaleza, principios y objetivo",https://v2.dictionary.tzutujil.org/words/67bca103b4b6f87a499cc94f,Created
manitziij,Negativo,https://v2.dictionary.tzutujil.org/words/667256065a8ee2d55bcbc43c,Merged
B'i'aaj,Nombre,https://v2.dictionary.tzutujil.org/words/667256245a8ee2d55bcbc458,Merged
B'anob'al,Normas de conducta,https://v2.dictionary.tzutujil.org/words/67bca103b4b6f87a499cc950,Created
Rutziijool,Noticias,https://v2.dictionary.tzutujil.org/words/67bca103b4b6f87a499cc951,Created
Ruuk'u'x b'i'atziij,Núcleo del predicado,https://v2.dictionary.tzutujil.org/words/6672562a5a8ee2d55bcbc45e,Merged
Ruuk'u'x b'anoneel,Núcleo del sujeto,https://v2.dictionary.tzutujil.org/words/67bca103b4b6f87a499cc952,Created
Ch'aka'aaj,Numerador,https://v2.dictionary.tzutujil.org/words/67bca103b4b6f87a499cc953,Created
Ajilab'aliil,Numeral,https://v2.dictionary.tzutujil.org/words/67b8a8262f1b785c39fb0287,Merged
Ajilab'al,Numero,https://v2.dictionary.tzutujil.org/words/667254205a8ee2d55bcbc285,Merged
Ajilab'aliil,Numero cardenal,https://v2.dictionary.tzutujil.org/words/67b8a8262f1b785c39fb0287,Merged
Cholajilab'al,Numero ordinal,https://v2.dictionary.tzutujil.org/words/67bca103b4b6f87a499cc954,Created
Ilineem,Nutrición,https://v2.dictionary.tzutujil.org/words/667258915a8ee2d55bcbc68b,Merged
Iliinik,Nutrir,https://v2.dictionary.tzutujil.org/words/67bca103b4b6f87a499cc955,Created
Xajolo,Nylon,https://v2.dictionary.tzutujil.org/words/67bca103b4b6f87a499cc956,Created
k'uluneel,Objeto,https://v2.dictionary.tzutujil.org/words/67bca103b4b6f87a499cc957,Created
jikk'uluneel,Objeto directo,https://v2.dictionary.tzutujil.org/words/67bca103b4b6f87a499cc958,Created
mak'uluneel,Objeto indirecto,https://v2.dictionary.tzutujil.org/words/67bca103b4b6f87a499cc959,Created
Achsamaaj,Obligación,https://v2.dictionary.tzutujil.org/words/67bca103b4b6f87a499cc95a,Created
Jaqatzuk',Obtuso,https://v2.dictionary.tzutujil.org/words/67bca103b4b6f87a499cc95b,Created
Raxasetul,Oceanía,https://v2.dictionary.tzutujil.org/words/6672569e5a8ee2d55bcbc4c7,Merged
Saqapalow,Océano atlántico,https://v2.dictionary.tzutujil.org/words/67bca104b4b6f87a499cc95c,Created
Q'anapalow,Océano pacifico,https://v2.dictionary.tzutujil.org/words/6672569f5a8ee2d55bcbc4c8,Merged
Jumuuch',Ochenta,https://v2.dictionary.tzutujil.org/words/67bca104b4b6f87a499cc95d,Created
juchuuy,Ocho millares,https://v2.dictionary.tzutujil.org/words/67bca104b4b6f87a499cc95e,Created
Kaqachaj,Ocote,https://v2.dictionary.tzutujil.org/words/67bca104b4b6f87a499cc95f,Created
Ajwachaaj,Oculista,https://v2.dictionary.tzutujil.org/words/67bca104b4b6f87a499cc960,Created
Ruqajib'al q'iij,Oeste,https://v2.dictionary.tzutujil.org/words/67bca104b4b6f87a499cc961,Created
Tz'ijb'ajaay,Oficina,https://v2.dictionary.tzutujil.org/words/67b8a8a7b239fd045521da91,Merged
Ajsamatz'ijb',Oficinista,https://v2.dictionary.tzutujil.org/words/67bca104b4b6f87a499cc962,Created
Nik'ajaxab'al,Oído medio,https://v2.dictionary.tzutujil.org/words/67bca104b4b6f87a499cc963,Created
wachaaj,Ojo,https://v2.dictionary.tzutujil.org/words/667256a35a8ee2d55bcbc4cc,Merged
B'ojo'y,Olla,https://v2.dictionary.tzutujil.org/words/667256a65a8ee2d55bcbc4cf,Merged
Chiro'y,Olla pequeña,https://v2.dictionary.tzutujil.org/words/667259ff5a8ee2d55bcbc7d5,Merged
piiq,Olote,https://v2.dictionary.tzutujil.org/words/667256ac5a8ee2d55bcbc4d4,Merged
Muxu'x,Ombligo,https://v2.dictionary.tzutujil.org/words/667256ae5a8ee2d55bcbc4d6,Merged
Ajq'aych'a'k,Oncólogo,https://v2.dictionary.tzutujil.org/words/67bca104b4b6f87a499cc964,Created
Kotaxaq,Ondulada,https://v2.dictionary.tzutujil.org/words/67bca104b4b6f87a499cc965,Created
Ch'i'pa'jl,Onzas,https://v2.dictionary.tzutujil.org/words/67bca104b4b6f87a499cc966,Created
Soloneem,Operación,https://v2.dictionary.tzutujil.org/words/67bca104b4b6f87a499cc967,Created
Solooj,Operar,https://v2.dictionary.tzutujil.org/words/667256b05a8ee2d55bcbc4d8,Merged
Nimatziij,Oración,https://v2.dictionary.tzutujil.org/words/67bca104b4b6f87a499cc968,Created
K'ask'o' nimatziij,Oración admirativa,https://v2.dictionary.tzutujil.org/words/67bca104b4b6f87a499cc969,Created
jikanimatziij,Oración afirmativa,https://v2.dictionary.tzutujil.org/words/67bca104b4b6f87a499cc96a,Created
k'utunimatziij,Oración interrogativa,https://v2.dictionary.tzutujil.org/words/667256b15a8ee2d55bcbc4d9,Merged
Manimatziij,Oracion negativa,https://v2.dictionary.tzutujil.org/words/67bca105b4b6f87a499cc96b,Created
cholaajeem,Orden,https://v2.dictionary.tzutujil.org/words/67bca105b4b6f87a499cc96c,Created
choliil cholatziij,Orden básico,https://v2.dictionary.tzutujil.org/words/67bca105b4b6f87a499cc96d,Created
B'aaq ib'och',Organismo,https://v2.dictionary.tzutujil.org/words/67bca105b4b6f87a499cc96e,Created
Chapob'aliil,Organismo,https://v2.dictionary.tzutujil.org/words/67bca105b4b6f87a499cc96f,Created
Chapob'alil k'asleemaal,Organismo ejecutivo,https://v2.dictionary.tzutujil.org/words/67bca105b4b6f87a499cc970,Created
Ya'ol na'ooj,Orientador,https://v2.dictionary.tzutujil.org/words/667257395a8ee2d55bcbc554,Merged
Ya'oj na'ooj,Orientar,https://v2.dictionary.tzutujil.org/words/67bca105b4b6f87a499cc971,Created
Releb'al q'iij,Oriente,https://v2.dictionary.tzutujil.org/words/67bca105a53da53fac2562f2,Created
Releb'al q'iij,Oriente,https://v2.dictionary.tzutujil.org/words/67bca105a53da53fac2562f2,Merged
Q'anapwoq,Oro,https://v2.dictionary.tzutujil.org/words/67bca105a53da53fac2562f3,Created
Rixikin ch'ooy,Orquídea silvestre,https://v2.dictionary.tzutujil.org/words/67bca105a53da53fac2562f4,Created
tz'ijb'anikiil,Ortografía,https://v2.dictionary.tzutujil.org/words/667256be5a8ee2d55bcbc4e5,Merged
Runum tz'i',Orzuelo,https://v2.dictionary.tzutujil.org/words/67bca105a53da53fac2562f5,Created
Tz'apajab',Otoño,https://v2.dictionary.tzutujil.org/words/67bca105a53da53fac2562f6,Created
puuqineem,Otoño,https://v2.dictionary.tzutujil.org/words/67bca105a53da53fac2562f7,Created
Ajq'maal xikinaaj,Otorrino,https://v2.dictionary.tzutujil.org/words/67bca105a53da53fac2562f8,Created
B'o'jachikop,Oveja,https://v2.dictionary.tzutujil.org/words/67bca105a53da53fac2562f9,Created
Q'olob'anelaa',Ovíparos,https://v2.dictionary.tzutujil.org/words/67bca105a53da53fac2562fa,Created
Uxilab'il/ijq'al,Oxigeno,https://v2.dictionary.tzutujil.org/words/67bca105a53da53fac2562fb,Created
Nima'amaq',país,https://v2.dictionary.tzutujil.org/words/67bca105a53da53fac2562fc,Created
kulaaj,Par,https://v2.dictionary.tzutujil.org/words/67bca105a53da53fac2562fd,Created
k'ulaaj,Pares,https://v2.dictionary.tzutujil.org/words/667256e95a8ee2d55bcbc50d,Merged
Xamalil chee',Partes de la planta,https://v2.dictionary.tzutujil.org/words/67bca106a53da53fac2562fe,Created
Q'axatziij,pasado,https://v2.dictionary.tzutujil.org/words/67bca106a53da53fac2562ff,Created
xaak,Paso,https://v2.dictionary.tzutujil.org/words/667256fe5a8ee2d55bcbc51f,Merged
K'koteemaal ch'uch'ujil tziij,paz,https://v2.dictionary.tzutujil.org/words/67bca106b4b6f87a499cc972,Created
Paraaj,Pedacito,https://v2.dictionary.tzutujil.org/words/667255bc5a8ee2d55bcbc3fb,Merged
Ko'li,Pequeño,https://v2.dictionary.tzutujil.org/words/667257285a8ee2d55bcbc545,Merged
kuyuuneem,Perdón,https://v2.dictionary.tzutujil.org/words/67bca106b4b6f87a499cc973,Created
Weqa'aaj,Periodo,https://v2.dictionary.tzutujil.org/words/67bca0f5a53da53fac25628d,Merged
weqa'aaj,Periodo de tiempo,https://v2.dictionary.tzutujil.org/words/67bca0f5a53da53fac25628d,Merged
ixinaal,Pertenencia,https://v2.dictionary.tzutujil.org/words/67bca106b4b6f87a499cc974,Created
aqanaaj,Pie,https://v2.dictionary.tzutujil.org/words/6672575c5a8ee2d55bcbc574,Merged
jutz'iit/juch'aap,Poco,https://v2.dictionary.tzutujil.org/words/67bca106b4b6f87a499cc975,Created
k'ayajilaal,Polidígito,https://v2.dictionary.tzutujil.org/words/67bca106b4b6f87a499cc976,Created
Rumaal ari',Por tanto,https://v2.dictionary.tzutujil.org/words/67bca106b4b6f87a499cc977,Created
k'ojlib'aliil,Posición,https://v2.dictionary.tzutujil.org/words/667257975a8ee2d55bcbc5ab,Merged
ikiq'aliil,Positivo,https://v2.dictionary.tzutujil.org/words/67bca106b4b6f87a499cc978,Created
Rijqale'maal,potencia,https://v2.dictionary.tzutujil.org/words/67bca106b4b6f87a499cc979,Created
Najb'ey taq tziij,Preámbulo,https://v2.dictionary.tzutujil.org/words/67bca106b4b6f87a499cc97a,Created
Tz'ijb'awuuj,Prensa libre,https://v2.dictionary.tzutujil.org/words/67b8a8952f1b785c39fb02a7,Merged
wakamitziij,presente,https://v2.dictionary.tzutujil.org/words/67bca106a53da53fac256300,Created
Si'jaaneem /Wachiineem,primavera,https://v2.dictionary.tzutujil.org/words/67bca106a53da53fac256301,Created
Ruk'ayewaal,Problema,https://v2.dictionary.tzutujil.org/words/667257a55a8ee2d55bcbc5b7,Merged
Solooj,Procedimiento,https://v2.dictionary.tzutujil.org/words/667256b05a8ee2d55bcbc4d8,Merged
Najb'eyal winaq rucholajil k'asleemaal,Procurador de los derechos humanos,https://v2.dictionary.tzutujil.org/words/67bca107a53da53fac256302,Created
Ijqa'miil,Producto,https://v2.dictionary.tzutujil.org/words/67bca107a53da53fac256303,Created
Junamaliil,Promedio,https://v2.dictionary.tzutujil.org/words/6672540a5a8ee2d55bcbc272,Merged
Ixinaal,Propiedad,https://v2.dictionary.tzutujil.org/words/67bca106b4b6f87a499cc974,Merged
Tijtab'aneem,Prueba,https://v2.dictionary.tzutujil.org/words/67bca107a53da53fac256304,Created
Nimaruuwi' q'ab'aaj,Pulgadas,https://v2.dictionary.tzutujil.org/words/67bca107b4b6f87a499cc97b,Created
Chuyaaj,Puño,https://v2.dictionary.tzutujil.org/words/667257b25a8ee2d55bcbc5c3,Merged
Ejtab'al,regla,https://v2.dictionary.tzutujil.org/words/667254235a8ee2d55bcbc288,Merged
Taqonto'ooneem,remesas,https://v2.dictionary.tzutujil.org/words/67bca107b4b6f87a499cc97c,Created
tunay,Sauco,https://v2.dictionary.tzutujil.org/words/67bca107b4b6f87a499cc97d,Created
Ajtz'ijb' chojmiineel,Secretaría ejecutiva,https://v2.dictionary.tzutujil.org/words/67bca107b4b6f87a499cc97e,Created
Achib'alil amaq',Símbolos patrios,https://v2.dictionary.tzutujil.org/words/67bca107b4b6f87a499cc97f,Created
Q'o'laaneemtziij,soberbia,https://v2.dictionary.tzutujil.org/words/67bca107b4b6f87a499cc980,Created
Winaqiil/tinaamitaal,Sociedad,https://v2.dictionary.tzutujil.org/words/67bca107b4b6f87a499cc981,Created
Xukub'al(ch'uu'),tarraya,https://v2.dictionary.tzutujil.org/words/67bca107b4b6f87a499cc982,Created
Setejtab'al,Transportador,https://v2.dictionary.tzutujil.org/words/67bca107b4b6f87a499cc983,Created
Saq'ijaaneem,verano,https://v2.dictionary.tzutujil.org/words/67bca107b4b6f87a499cc984,Created